{
    "ASC1": 0.9975308641975309,
    "STE4": 0.9961977186311787,
    "HOG1": 0.3269961977186312,
    "FUS3": 0.17870722433460076,
    "KSS1": 0.17490494296577946,
    "MKK1": 0.16730038022813687,
    "SLT2": 0.12167300380228137,
    "STE11": 0.11787072243346007,
    "RLM1": 0.10266159695817491,
    "SLG1": 0.09885931558935361,
    "STE7": 0.09505703422053231,
    "BCK1": 0.09125475285171103,
    "MKK2": 0.07604562737642585,
    "MID2": 0.06844106463878327,
    "PTC1": 0.057034220532319393,
    "ROM1": 0.045627376425855515,
    "STE5": 0.034220532319391636,
    "STE50": 0.034220532319391636,
    "MSG5": 0.030418250950570342,
    "WSC2": 0.022813688212927757,
    "SHO1": 0.019011406844106463,
    "RPS16A": 0.01728395061728395,
    "RPS14A": 0.01728395061728395,
    "RPS11B": 0.01728395061728395,
    "RPS4B": 0.01728395061728395,
    "RPS8A": 0.01728395061728395,
    "RPS4A": 0.01728395061728395,
    "RPS8B": 0.01728395061728395,
    "RPS7A": 0.014814814814814815,
    "RPS6B": 0.014814814814814815,
    "RPS9A": 0.014814814814814815,
    "RPS1A": 0.014814814814814815,
    "RPS11A": 0.014814814814814815,
    "RPS6A": 0.014814814814814815,
    "RPS0A": 0.012345679012345678,
    "SKO1": 0.011406844106463879,
    "RPS9B": 0.009876543209876543,
    "RPS1B": 0.009876543209876543,
    "RPS23B": 0.009876543209876543,
    "RPS16B": 0.009876543209876543,
    "RPS23A": 0.009876543209876543,
    "PTC3": 0.0076045627376425855,
    "PTC4": 0.0076045627376425855,
    "KDX1": 0.0076045627376425855,
    "NBP2": 0.0076045627376425855,
    "PTC2": 0.0076045627376425855,
    "RPL38": 0.007407407407407408,
    "RPL9A": 0.007407407407407408,
    "RPL14A": 0.007407407407407408,
    "RPL43B": 0.007407407407407408,
    "RPS24B": 0.007407407407407408,
    "RPS24A": 0.007407407407407408,
    "RPL36A": 0.007407407407407408,
    "RPL26A": 0.007407407407407408,
    "RPL31A": 0.007407407407407408,
    "RPL2B": 0.007407407407407408,
    "RPL7A": 0.007407407407407408,
    "RPL35B": 0.007407407407407408,
    "RPL21A": 0.007407407407407408,
    "RPL43A": 0.007407407407407408,
    "RPL22A": 0.007407407407407408,
    "RPL11A": 0.007407407407407408,
    "RPL8A": 0.007407407407407408,
    "RPL19A": 0.007407407407407408,
    "RPL20A": 0.007407407407407408,
    "RPL35A": 0.007407407407407408,
    "RPL6A": 0.007407407407407408,
    "RPL13A": 0.007407407407407408,
    "RPL16A": 0.007407407407407408,
    "RPL23A": 0.007407407407407408,
    "RPS27A": 0.007407407407407408,
    "RPL4A": 0.007407407407407408,
    "RPL27A": 0.007407407407407408,
    "RPL2A": 0.007407407407407408,
    "RPL19B": 0.007407407407407408,
    "RPL39": 0.007407407407407408,
    "RPL34A": 0.007407407407407408,
    "RPL18B": 0.007407407407407408,
    "RPS22B": 0.007407407407407408,
    "RPS18B": 0.0049382716049382715,
    "RPL23B": 0.0049382716049382715,
    "RPL42B": 0.0049382716049382715,
    "RPL40B": 0.0049382716049382715,
    "RPS14B": 0.0049382716049382715,
    "RPL20B": 0.0049382716049382715,
    "RPL24A": 0.0049382716049382715,
    "RPS19A": 0.0049382716049382715,
    "RPS22A": 0.0049382716049382715,
    "RPL37A": 0.0049382716049382715,
    "SKI2": 0.0049382716049382715,
    "MSN2": 0.0038022813688212928,
    "RPL31B": 0.0024691358024691358,
    "RPL12B": 0.0024691358024691358,
    "RPS0B": 0.0024691358024691358,
    "RPL7B": 0.0024691358024691358,
    "RPL15B": 0.0024691358024691358,
    "RPL22B": 0.0024691358024691358,
    "RPS19B": 0.0024691358024691358,
    "RPP1A": 0.0024691358024691358,
    "RPL6B": 0.0024691358024691358,
    "RPL36B": 0.0024691358024691358,
    "RPS25A": 0.0024691358024691358,
    "RPS7B": 0.0024691358024691358,
    "RPP1B": 0.0024691358024691358,
    "RPL24B": 0.0024691358024691358,
    "RPS29A": 0.0024691358024691358,
    "RPS21A": 0.0024691358024691358,
    "RPL4B": 0.0024691358024691358,
    "RPL13B": 0.0024691358024691358,
    "RPL33B": 0.0024691358024691358,
    "RPS12": 0.0024691358024691358,
    "RPL21B": 0.0024691358024691358,
    "RPL34B": 0.0024691358024691358,
    "RPL12A": 0.0024691358024691358,
    "RPL8B": 0.0024691358024691358,
    "RPL9B": 0.0024691358024691358,
    "RPL27B": 0.0024691358024691358,
    "RPS18A": 0.0024691358024691358,
    "RPL29": 0.0024691358024691358,
    "RPL17B": 0.0024691358024691358,
    "RPL40A": 0.0024691358024691358,
    "RPS21B": 0.0024691358024691358,
    "SSB2": 0.0024691358024691358,
    "RPL16B": 0.0024691358024691358,
    "RPL11B": 0.0024691358024691358,
    "RPS29B": 0.0024691358024691358,
    "RPL14B": 0.0024691358024691358,
    "RPS25B": 0.0024691358024691358,
    "SKI3": 0.0024691358024691358,
    "EGD2": 0.0024691358024691358,
    "SMI1": 0.0,
    "MSB2": 0.0,
    "STE18": 0.0,
    "ACA1": 0.0,
    "PTP2": 0.0,
    "PTP1": 0.0,
    "PBS2": 0.0,
    "SDP1": 0.0,
    "DIG1": 0.0,
    "SST2": 0.0,
    "PTP3": 0.0,
    "DIG2": 0.0,
    "PAA1": 0.0,
    "PTC7": 0.0,
    "WSC3": 0.0,
    "SOK2": 0.0,
    "SMP1": 0.0,
    "HOT1": 0.0,
    "SSK2": 0.0,
    "SSK22": 0.0,
    "RCK2": 0.0,
    "OPY2": 0.0,
    "SSK1": 0.0,
    "AHK1": 0.0,
    "SMK1": 0.0,
    "MSN4": 0.0,
    "STL1": 0.0,
    "FPS1": 0.0,
    "YGL108C": 0.0,
    "MTL1": 0.0,
    "ASK10": 0.0,
    "RGC1": 0.0,
    "TEF4": 0.0,
    "RPS27B": 0.0,
    "TEF1": 0.0,
    "RPL1B": 0.0,
    "RPL26B": 0.0,
    "HBS1": 0.0,
    "EFT1": 0.0,
    "RPS28B": 0.0,
    "EFT2": 0.0,
    "RPS17A": 0.0,
    "TMA19": 0.0,
    "RPS10B": 0.0,
    "RPP2B": 0.0,
    "RPL1A": 0.0,
    "CAM1": 0.0,
    "RPS17B": 0.0,
    "TEF2": 0.0,
    "RPS26B": 0.0,
    "RPP2A": 0.0,
    "CKA1": 0.0,
    "CKA2": 0.0,
    "PAT1": 0.0,
    "XRN1": 0.0,
    "NEW1": 0.0,
    "BUD21": 0.0,
    "RPL37B": 0.0,
    "RPL41B": 0.0,
    "HCR1": 0.0,
    "RPS30A": 0.0,
    "YGR054W": 0.0,
    "RPL41A": 0.0,
    "LRP1": 0.0,
    "MPP6": 0.0,
    "CKB1": 0.0,
    "SDD1": 0.0,
    "STM1": 0.0,
    "DOM34": 0.0,
    "LSO2": 0.0,
    "REH1": 0.0,
    "EGD1": 0.0,
    "YKL023W": 0.0
}