{
    "MRPL11": 0.9993390614672836,
    "PKP1": 0.5,
    "PUF3": 0.09781890284203569,
    "RSM28": 0.0713813615333774,
    "PET123": 0.0356906807666887,
    "MRPL4": 0.024454725710508923,
    "PET309": 0.023793787177792465,
    "MRPL9": 0.021810971579643092,
    "RML2": 0.020489094514210177,
    "MRPL8": 0.01982815598149372,
    "MRPS16": 0.01982815598149372,
    "RSM23": 0.01982815598149372,
    "MRP20": 0.019167217448777262,
    "MRP17": 0.019167217448777262,
    "MRPL10": 0.019167217448777262,
    "RSM18": 0.018506278916060808,
    "MRPS5": 0.01784534038334435,
    "MRPS9": 0.01784534038334435,
    "MRPL23": 0.01784534038334435,
    "MRPL39": 0.01784534038334435,
    "MRP10": 0.017184401850627893,
    "MRPS28": 0.017184401850627893,
    "MRP7": 0.017184401850627893,
    "MRPS17": 0.017184401850627893,
    "MRPL32": 0.017184401850627893,
    "RSM7": 0.016523463317911435,
    "RTC6": 0.016523463317911435,
    "MRPL24": 0.016523463317911435,
    "MRPS12": 0.016523463317911435,
    "RSM19": 0.015862524785194978,
    "YNL122C": 0.015862524785194978,
    "MRP2": 0.015862524785194978,
    "MRP4": 0.015862524785194978,
    "MRPL17": 0.015862524785194978,
    "IMG1": 0.01520158625247852,
    "MRPL27": 0.01520158625247852,
    "MRPS8": 0.014540647719762063,
    "MRPL16": 0.013879709187045605,
    "MRPL40": 0.013879709187045605,
    "MRPL51": 0.013879709187045605,
    "MRPS35": 0.013879709187045605,
    "MRPL22": 0.013879709187045605,
    "MRPL28": 0.013879709187045605,
    "RSM27": 0.013879709187045605,
    "MRPL3": 0.013879709187045605,
    "MRP21": 0.013879709187045605,
    "RSM26": 0.013879709187045605,
    "MRPL38": 0.013879709187045605,
    "MRPL36": 0.013218770654329148,
    "RSM22": 0.013218770654329148,
    "MRPL7": 0.013218770654329148,
    "SWS2": 0.01255783212161269,
    "MRPL6": 0.01255783212161269,
    "MRPL35": 0.011896893588896233,
    "MRPL20": 0.011896893588896233,
    "MRPL31": 0.011896893588896233,
    "MRPL15": 0.011896893588896233,
    "FYV4": 0.011896893588896233,
    "MRPL33": 0.011896893588896233,
    "MRPL25": 0.011896893588896233,
    "COX19": 0.007931262392597489,
    "MRPL19": 0.007931262392597489,
    "MRPL1": 0.005948446794448116,
    "COX17": 0.005287508261731659,
    "ATP12": 0.005287508261731659,
    "MRPL37": 0.004626569729015202,
    "CBP3": 0.0039656311962987445,
    "YBL059W": 0.0039656311962987445,
    "MRH4": 0.0039656311962987445,
    "AIM11": 0.0039656311962987445,
    "MTG2": 0.003304692663582287,
    "MEF1": 0.003304692663582287,
    "COA4": 0.003304692663582287,
    "MRS1": 0.0026437541308658294,
    "MNE1": 0.0026437541308658294,
    "PET111": 0.0026437541308658294,
    "MZM1": 0.0026437541308658294,
    "CBS2": 0.0019828155981493722,
    "FMP10": 0.0019828155981493722,
    "MRPL44": 0.0019828155981493722,
    "CMC2": 0.0019828155981493722,
    "MIX14": 0.0019828155981493722,
    "MSS51": 0.0013218770654329147,
    "SHY1": 0.0013218770654329147,
    "ATP11": 0.0013218770654329147,
    "CBP6": 0.0013218770654329147,
    "BCS1": 0.0013218770654329147,
    "CMC1": 0.0013218770654329147,
    "GEP7": 0.0013218770654329147,
    "RMD9": 0.0013218770654329147,
    "PET191": 0.0013218770654329147,
    "YGR021W": 0.0013218770654329147,
    "MRM1": 0.0013218770654329147,
    "MSC6": 0.0013218770654329147,
    "MDM38": 0.0006609385327164573,
    "PET122": 0.0006609385327164573,
    "PET494": 0.0006609385327164573,
    "PET127": 0.0006609385327164573,
    "SRO9": 0.0006609385327164573,
    "YNR040W": 0.0006609385327164573,
    "SDH7": 0.0006609385327164573,
    "QRI5": 0.0006609385327164573,
    "PKP2": 0.0,
    "SCO1": 0.0,
    "ATP22": 0.0,
    "AI5_BETA": 0.0,
    "COX14": 0.0,
    "PET54": 0.0,
    "COA1": 0.0,
    "VAR1": 0.0,
    "SUV3": 0.0,
    "MSS18": 0.0,
    "YOR020W-A": 0.0,
    "AEP3": 0.0,
    "IFM1": 0.0,
    "MHR1": 0.0,
    "CBP4": 0.0,
    "MRP1": 0.0,
    "MRP13": 0.0,
    "IMG2": 0.0,
    "EHD3": 0.0,
    "YJR115W": 0.0,
    "RSM24": 0.0,
    "MRX14": 0.0,
    "MRPL13": 0.0,
    "MRPL49": 0.0,
    "MRPL50": 0.0,
    "MRP51": 0.0,
    "YMR31": 0.0,
    "RSM25": 0.0,
    "COA6": 0.0,
    "MRF1": 0.0,
    "VTS1": 0.0,
    "CLU1": 0.0,
    "GEP3": 0.0,
    "MRM2": 0.0,
    "LSM12": 0.0,
    "YGR161W-C": 0.0,
    "PUB1": 0.0,
    "TUF1": 0.0,
    "RRF1": 0.0,
    "YLR179C": 0.0,
    "PTH4": 0.0,
    "RCF3": 0.0,
    "CCS1": 0.0,
    "MIX17": 0.0,
    "YIL077C": 0.0,
    "YKL133C": 0.0,
    "YBR230W-A": 0.0,
    "COA2": 0.0,
    "SBP1": 0.0,
    "PET117": 0.0,
    "YPR078C": 0.0,
    "MRP49": 0.0,
    "GUF1": 0.0,
    "OMS1": 0.0,
    "AIM18": 0.0,
    "YDR381C-A": 0.0,
    "YDR286C": 0.0,
    "MPM1": 0.0,
    "PBP4": 0.0,
    "BRE5": 0.0,
    "MDL2": 0.0,
    "FMP25": 0.0,
    "FMC1": 0.0,
    "AIM36": 0.0,
    "MRX1": 0.0,
    "YLL032C": 0.0,
    "COS6": 0.0,
    "YLF2": 0.0,
    "NCE101": 0.0,
    "CUB1": 0.0,
    "ECM19": 0.0
}