{
    "PDA1": 0.771505376344086,
    "PDX1": 0.21774193548387097,
    "CIT2": 0.07258064516129033,
    "CIT1": 0.06451612903225806,
    "CIT3": 0.06451612903225806,
    "IDH2": 0.06451612903225806,
    "ACO1": 0.056451612903225805,
    "KGD1": 0.056451612903225805,
    "LSC1": 0.056451612903225805,
    "FUM1": 0.04838709677419355,
    "MDH1": 0.04838709677419355,
    "IDH1": 0.03763440860215054,
    "MDH3": 0.03763440860215054,
    "PCK1": 0.03763440860215054,
    "PYC2": 0.03225806451612903,
    "KGD2": 0.03225806451612903,
    "PYC1": 0.026881720430107527,
    "ACS1": 0.026881720430107527,
    "MAE1": 0.021505376344086023,
    "LAT1": 0.016129032258064516,
    "LPD1": 0.016129032258064516,
    "IDP1": 0.016129032258064516,
    "PDB1": 0.008064516129032258,
    "PKP2": 0.002688172043010753,
    "PKP1": 0.0,
    "MDH2": 0.0,
    "ICL1": 0.0,
    "IDP2": 0.0,
    "ACH1": 0.0,
    "MLS1": 0.0,
    "IDP3": 0.0,
    "UGA2": 0.0,
    "FDH1": 0.0,
    "ACO2": 0.0,
    "ICL2": 0.0
}