{
    "PDA1": 0.9166666666666666,
    "PTC6": 0.25,
    "PTC5": 0.25,
    "PDB1": 0.08333333333333333,
    "PYC1": 0.08333333333333333,
    "KGD2": 0.08333333333333333,
    "PDX1": 0.08333333333333333,
    "PTC7": 0.0,
    "PYC2": 0.0,
    "MAE1": 0.0,
    "IRC15": 0.0,
    "PKP1": 0.0,
    "NCE103": 0.0
}