{
    "HOG1": 0.3608910891089109,
    "SNF1": 0.35079207920792077,
    "MIG1": 0.29767326732673266,
    "SKO1": 0.14237623762376236,
    "FUS3": 0.13603960396039605,
    "KSS1": 0.1107920792079208,
    "FBP1": 0.1049009900990099,
    "PTC1": 0.1000990099009901,
    "RLM1": 0.08866336633663366,
    "TUP1": 0.05465346534653465,
    "ELM1": 0.04945544554455446,
    "SNF4": 0.04514851485148515,
    "ADR1": 0.03881188118811881,
    "GAL83": 0.03876237623762376,
    "SIP2": 0.03866336633663366,
    "SLT2": 0.03816831683168317,
    "SIP1": 0.036188118811881186,
    "SHO1": 0.03212871287128713,
    "MKK1": 0.028861386138613863,
    "BCK1": 0.027178217821782178,
    "STE11": 0.024306930693069308,
    "PBS2": 0.02405940594059406,
    "PFK26": 0.023564356435643564,
    "MKK2": 0.022673267326732673,
    "CAT8": 0.019653465346534654,
    "STE4": 0.01891089108910891,
    "RGT1": 0.01881188118811881,
    "SIP4": 0.018514851485148514,
    "WSC2": 0.018267326732673266,
    "SNF3": 0.01717821782178218,
    "RGT2": 0.01712871287128713,
    "HXT1": 0.01702970297029703,
    "STD1": 0.016584158415841585,
    "STE50": 0.014356435643564357,
    "SLG1": 0.013663366336633663,
    "OPY2": 0.013217821782178217,
    "HXT2": 0.012772277227722771,
    "GRR1": 0.012722772277227722,
    "HXT3": 0.012128712871287129,
    "SDS24": 0.01089108910891089,
    "SDS23": 0.01089108910891089,
    "MDG1": 0.01089108910891089,
    "PRR1": 0.01089108910891089,
    "MSB2": 0.010247524752475248,
    "ACA1": 0.009702970297029703,
    "TEC1": 0.00896039603960396,
    "PSK1": 0.007128712871287129,
    "HXK2": 0.005,
    "KDX1": 0.003118811881188119,
    "HXK1": 0.002623762376237624,
    "SDP1": 0.0025742574257425744,
    "STE7": 0.002524752475247525,
    "MID2": 0.0020792079207920793,
    "MTL1": 0.0020792079207920793,
    "WSC3": 0.0020792079207920793,
    "PTP3": 0.0016831683168316831,
    "STE20": 0.0016336633663366336,
    "SSK1": 0.0015346534653465347,
    "PTC2": 0.0015346534653465347,
    "PTC4": 0.0014851485148514852,
    "PTC3": 0.0013366336633663367,
    "SMP1": 0.001188118811881188,
    "PTP1": 0.0010396039603960397,
    "FPS1": 0.0010396039603960397,
    "PTP2": 0.0007920792079207921,
    "SSK2": 0.0007425742574257426,
    "SSK22": 0.000693069306930693,
    "NBP2": 0.0006435643564356436,
    "SMK1": 0.0006435643564356436,
    "HXT7": 0.0005445544554455446,
    "YLR446W": 0.00044554455445544556,
    "HXT6": 0.0003465346534653465,
    "JEN1": 0.000297029702970297,
    "STE5": 0.00024752475247524753,
    "HOT1": 0.00024752475247524753,
    "ASK10": 0.00019801980198019803,
    "MSG5": 0.0001485148514851485,
    "RCK2": 9.900990099009902e-05,
    "STL1": 9.900990099009902e-05,
    "PFK27": 9.900990099009902e-05,
    "DIG1": 4.950495049504951e-05,
    "DIG2": 4.950495049504951e-05,
    "STE18": 0.0,
    "PTC7": 0.0,
    "PTC6": 0.0,
    "ROM1": 0.0,
    "RCK1": 0.0,
    "AHK1": 0.0,
    "YGL108C": 0.0,
    "RGC1": 0.0,
    "FBP26": 0.0,
    "PFK2": 0.0,
    "ADY2": 0.0,
    "FRK1": 0.0,
    "MTH1": 0.0,
    "YPL150W": 0.0,
    "TOS3": 0.0,
    "SAK1": 0.0,
    "MIG2": 0.0,
    "ERT1": 0.0,
    "RDS2": 0.0,
    "HXT4": 0.0,
    "HXT10": 0.0
}