{
    "DOM34": 0.40346349179918406,
    "HBS1": 0.39280659395554074,
    "RKR1": 0.2809091665972858,
    "ASC1": 0.1272167180084922,
    "SKI2": 0.08334027141786696,
    "RPS8A": 0.01715094496711348,
    "RPS4A": 0.01715094496711348,
    "RPS8B": 0.01715094496711348,
    "RPS16A": 0.016984430938306552,
    "RPS11B": 0.016984430938306552,
    "RPS4B": 0.016984430938306552,
    "RPS14A": 0.016817916909499624,
    "RPS1A": 0.015652318707851137,
    "RPS6B": 0.01548580467904421,
    "RPS9A": 0.01548580467904421,
    "RPS6A": 0.01548580467904421,
    "RPS7A": 0.015319290650237282,
    "RPS0A": 0.015319290650237282,
    "RPS11A": 0.015319290650237282,
    "RPS23B": 0.012488552160519523,
    "RPS16B": 0.012488552160519523,
    "RPS23A": 0.012488552160519523,
    "RPS24B": 0.010989925901257181,
    "RPS24A": 0.010989925901257181,
    "RPS27A": 0.010989925901257181,
    "RPS22A": 0.010989925901257181,
    "RPS18B": 0.010823411872450254,
    "RPL38": 0.010656897843643327,
    "RPL9A": 0.010656897843643327,
    "RPL26A": 0.010656897843643327,
    "RPL21A": 0.010656897843643327,
    "RPL22A": 0.010656897843643327,
    "RPL11A": 0.010656897843643327,
    "RPL20A": 0.010656897843643327,
    "RPL13A": 0.010656897843643327,
    "RPL16A": 0.010656897843643327,
    "RPS19A": 0.010656897843643327,
    "RPL4A": 0.010656897843643327,
    "RPL2A": 0.010656897843643327,
    "RPL19B": 0.010656897843643327,
    "RPL34A": 0.010656897843643327,
    "RPL18B": 0.010656897843643327,
    "RPL14A": 0.0104903838148364,
    "RPL36A": 0.0104903838148364,
    "RPL31A": 0.0104903838148364,
    "RPL2B": 0.0104903838148364,
    "RPL35B": 0.0104903838148364,
    "RPL8A": 0.0104903838148364,
    "RPL19A": 0.0104903838148364,
    "RPL35A": 0.0104903838148364,
    "RPL6A": 0.0104903838148364,
    "RPL24A": 0.0104903838148364,
    "RPL27A": 0.0104903838148364,
    "RPL43B": 0.010323869786029474,
    "RPL42B": 0.010323869786029474,
    "RPL43A": 0.010323869786029474,
    "RPL40B": 0.010323869786029474,
    "RPL23A": 0.010323869786029474,
    "RPL39": 0.010323869786029474,
    "RPS12": 0.009491299641994837,
    "RPS14B": 0.009491299641994837,
    "RPS25A": 0.00932478561318791,
    "RPS29A": 0.009158271584380984,
    "RPS21A": 0.009158271584380984,
    "RPS18A": 0.009158271584380984,
    "RPL20B": 0.008991757555574057,
    "RPL23B": 0.00882524352676713,
    "RPL37A": 0.00882524352676713,
    "RPL29": 0.008658729497960203,
    "RPL40A": 0.008658729497960203,
    "RPL11B": 0.00832570144034635,
    "RPL7B": 0.007992673382732495,
    "RPS17A": 0.007826159353925569,
    "RPS26B": 0.007659645325118641,
    "RPS30A": 0.007659645325118641,
    "RPS17B": 0.007493131296311714,
    "RPS28B": 0.007326617267504787,
    "RPL12B": 0.0043293647489801015,
    "RPL12A": 0.004246107734576638,
    "RPS10B": 0.0034967946049454667,
    "RPL41B": 0.00333028057613854,
    "RPL41A": 0.00333028057613854,
    "TEF4": 0.002414453417700441,
    "CAM1": 0.0017483973024727333,
    "RPS9B": 0.001332112230455416,
    "RPL7A": 0.001332112230455416,
    "RPS1B": 0.001332112230455416,
    "TEF1": 0.0012488552160519525,
    "TEF2": 0.0009158271584380984,
    "RPS22B": 0.000666056115227708,
    "LRP1": 0.000666056115227708,
    "RPL31B": 0.000333028057613854,
    "RPS0B": 0.000333028057613854,
    "RPL15B": 0.000333028057613854,
    "RPL22B": 0.000333028057613854,
    "RPS19B": 0.000333028057613854,
    "RPP1A": 0.000333028057613854,
    "RPL6B": 0.000333028057613854,
    "RPL36B": 0.000333028057613854,
    "RPS7B": 0.000333028057613854,
    "RPP1B": 0.000333028057613854,
    "RPL24B": 0.000333028057613854,
    "RPL4B": 0.000333028057613854,
    "RPL13B": 0.000333028057613854,
    "RPL33B": 0.000333028057613854,
    "RPL21B": 0.000333028057613854,
    "RPL34B": 0.000333028057613854,
    "RPL8B": 0.000333028057613854,
    "RPL9B": 0.000333028057613854,
    "RPL27B": 0.000333028057613854,
    "RPL17B": 0.000333028057613854,
    "RPS21B": 0.000333028057613854,
    "SSB2": 0.000333028057613854,
    "RPL16B": 0.000333028057613854,
    "RPS29B": 0.000333028057613854,
    "RPL14B": 0.000333028057613854,
    "RPS25B": 0.000333028057613854,
    "XRN1": 0.000333028057613854,
    "SKI3": 0.000333028057613854,
    "EGD2": 0.000333028057613854,
    "RQC1": 0.0,
    "PKP1": 0.0,
    "PKP2": 0.0,
    "HUL4": 0.0,
    "RPS27B": 0.0,
    "RPL1B": 0.0,
    "RPL26B": 0.0,
    "EFT1": 0.0,
    "EFT2": 0.0,
    "TMA19": 0.0,
    "RPP2B": 0.0,
    "RPL1A": 0.0,
    "RPP2A": 0.0,
    "CKA1": 0.0,
    "CKA2": 0.0,
    "PAT1": 0.0,
    "NEW1": 0.0,
    "BUD21": 0.0,
    "RPL37B": 0.0,
    "HCR1": 0.0,
    "YGR054W": 0.0,
    "MPP6": 0.0,
    "CKB1": 0.0,
    "SDD1": 0.0,
    "STM1": 0.0,
    "LSO2": 0.0,
    "REH1": 0.0,
    "EGD1": 0.0,
    "YKL023W": 0.0
}