{
    "HTZ1": 0.5457993128987642,
    "FUM1": 0.5251639673403828,
    "RTG2": 0.19564538437513943,
    "UME6": 0.14007495649846072,
    "CIT2": 0.11865881408111364,
    "LEO1": 0.11531254182840316,
    "ACS1": 0.10364520590728594,
    "LAT1": 0.10255209030473386,
    "CIT1": 0.09492258956855397,
    "HHT1": 0.06021059206710391,
    "HTB2": 0.05644045866238344,
    "GCN5": 0.05608352295542765,
    "CHD1": 0.05458885468255031,
    "HTA1": 0.04934636148663722,
    "HHF2": 0.042876901798063624,
    "YAF9": 0.031209565876946416,
    "SWR1": 0.030495694463034847,
    "SET2": 0.030428769017980636,
    "CIT3": 0.02755097488064962,
    "ACO1": 0.02674786953999911,
    "IES1": 0.02300004461696337,
    "IDH2": 0.021884620532726544,
    "MDH1": 0.021483067862401284,
    "VPS71": 0.021438450899031812,
    "RPD3": 0.02023379288805604,
    "LSC1": 0.020144558961317092,
    "MLS1": 0.019653772364252888,
    "ASF1": 0.018739124615178692,
    "MDH2": 0.018203721054745013,
    "EAF3": 0.017735242939365545,
    "SET1": 0.017668317494311338,
    "ICL1": 0.016954446080399768,
    "HOS2": 0.015058225137197163,
    "MDH3": 0.014812831838665061,
    "IDH1": 0.01436666220497033,
    "KGD1": 0.01436666220497033,
    "SPT7": 0.014165885869807701,
    "KGD2": 0.014098960424753492,
    "NHP10": 0.0139204925712756,
    "SNF2": 0.0139204925712756,
    "ARP8": 0.013072770267255611,
    "ISW1": 0.012738143041984562,
    "VPS72": 0.012202739481550885,
    "IDP1": 0.011488868067639317,
    "UGA2": 0.011488868067639317,
    "CTF19": 0.01146655958595458,
    "HAT2": 0.011221166287422478,
    "SGF29": 0.011221166287422478,
    "SIF2": 0.011154240842368268,
    "ADA2": 0.01102038995225985,
    "PCK1": 0.010908847543836166,
    "NGG1": 0.01088653906215143,
    "ISW2": 0.010841922098781957,
    "RTT106": 0.010797305135412483,
    "BDF1": 0.01057422031856512,
    "MSI1": 0.010440369428456699,
    "SET3": 0.010284210056663544,
    "PHO23": 0.00965957256949092,
    "ARP6": 0.00959264712443671,
    "UBP8": 0.009258019899165663,
    "SWC3": 0.00907955204568777,
    "SWC5": 0.00856645696693883,
    "SWC7": 0.00856645696693883,
    "HFI1": 0.008231829741667782,
    "SAS2": 0.008209521259983046,
    "HOS1": 0.007607192254495159,
    "CDC73": 0.007495649846071476,
    "HDA1": 0.007406415919332531,
    "SGF73": 0.0072056395841699015,
    "CTI6": 0.006982554767322536,
    "IML3": 0.006848703877214117,
    "MCM21": 0.006848703877214117,
    "MCM16": 0.006848703877214117,
    "CTF3": 0.006848703877214117,
    "NKP1": 0.006848703877214117,
    "CHL4": 0.006848703877214117,
    "NKP2": 0.006848703877214117,
    "SAP30": 0.006625619060366752,
    "HOS3": 0.006402534243519386,
    "RTT109": 0.006179449426672021,
    "SIN3": 0.006157140944987284,
    "DPB4": 0.006023290054878865,
    "RXT2": 0.004662472672109936,
    "SAS5": 0.004662472672109936,
    "SGF11": 0.004372462410208361,
    "GIS1": 0.004283228483469415,
    "RPH1": 0.004037835184937313,
    "PYC2": 0.0038816758131441573,
    "RTF1": 0.0038816758131441573,
    "SNT1": 0.0036362825146120555,
    "BRE1": 0.003569357069557846,
    "YNG2": 0.0035470485878731093,
    "PYC1": 0.0033908892160799536,
    "PDA1": 0.0033016552893410074,
    "RCO1": 0.0033016552893410074,
    "SPT8": 0.0033016552893410074,
    "SPT20": 0.0033016552893410074,
    "IDP2": 0.0031008789541783787,
    "SUS1": 0.0030116450274394325,
    "PDB1": 0.0029893365457546958,
    "SPT2": 0.0029447195823852227,
    "DOT1": 0.00283317717396154,
    "SDS3": 0.002743943247222594,
    "SPT3": 0.0027216347655378576,
    "EAF7": 0.002453932985321019,
    "EAF1": 0.002409316021951546,
    "EAF5": 0.002409316021951546,
    "MAE1": 0.002364699058582073,
    "SAS3": 0.002364699058582073,
    "DEP1": 0.0022977736135278634,
    "SNF5": 0.0019854548699415517,
    "SWD1": 0.0017177530897247134,
    "BRE2": 0.0017177530897247134,
    "JHD1": 0.0017177530897247134,
    "SAS4": 0.0016508276446705037,
    "ACH1": 0.0016062106813010306,
    "SDC1": 0.0016062106813010306,
    "SWI3": 0.0015169767545620844,
    "CTR9": 0.0013831258644536654,
    "PAF1": 0.0012269664926605095,
    "YTA7": 0.0011154240842368268,
    "SPT10": 0.0010708071208673537,
    "HIR2": 0.0010038816758131442,
    "LGE1": 0.0009369562307589345,
    "SPP1": 0.0008477223040199884,
    "IES3": 0.0008254138223352519,
    "IES5": 0.0007584883772810422,
    "IES2": 0.0007584883772810422,
    "IES4": 0.0007584883772810422,
    "HAT1": 0.0006469459688573596,
    "UME1": 0.0006023290054878865,
    "SWD3": 0.0006023290054878865,
    "SNF12": 0.0006023290054878865,
    "EAF6": 0.0005577120421184134,
    "ITC1": 0.0004907865970642039,
    "IOC4": 0.0004907865970642039,
    "HSL7": 0.00029001026190157497,
    "IOC3": 0.0002453932985321019,
    "IOC2": 0.0002453932985321019,
    "LPD1": 0.0001784678534778923,
    "HIR3": 0.0001338508901084192,
    "HIR1": 8.923392673894615e-05,
    "HDA3": 6.69254450542096e-05,
    "CAC2": 4.461696336947308e-05,
    "RLF2": 4.461696336947308e-05,
    "HST3": 2.230848168473654e-05,
    "PDX1": 0.0,
    "IDP3": 0.0,
    "FDH1": 0.0,
    "ACO2": 0.0,
    "ICL2": 0.0,
    "JHD2": 0.0,
    "ECM5": 0.0,
    "STB1": 0.0,
    "ASH1": 0.0,
    "TOS4": 0.0,
    "TOD6": 0.0,
    "RXT3": 0.0,
    "DOT6": 0.0,
    "STB2": 0.0,
    "CNN1": 0.0,
    "HIF1": 0.0,
    "HHO1": 0.0,
    "UBP10": 0.0,
    "CHZ1": 0.0,
    "HPC2": 0.0,
    "DLS1": 0.0,
    "YNG1": 0.0,
    "BDF2": 0.0,
    "SET5": 0.0,
    "SIR1": 0.0,
    "YBP2": 0.0,
    "RFX1": 0.0,
    "AHC1": 0.0,
    "SET4": 0.0,
    "HOS4": 0.0,
    "RAD61": 0.0,
    "YPL216W": 0.0,
    "YFR016C": 0.0,
    "SNF11": 0.0,
    "SNF6": 0.0,
    "SWP82": 0.0,
    "AHC2": 0.0,
    "HCS1": 0.0,
    "SET6": 0.0,
    "HDA2": 0.0,
    "YHR177W": 0.0,
    "SNT2": 0.0
}