{
    "PTC1": 0.9520958083832335,
    "PTC6": 0.3333333333333333,
    "HOG1": 0.1317365269461078,
    "SLT2": 0.12574850299401197,
    "FUS3": 0.08982035928143713,
    "KSS1": 0.08982035928143713,
    "STE11": 0.07784431137724551,
    "BCK1": 0.0718562874251497,
    "PBS2": 0.0658682634730539,
    "MKK1": 0.059880239520958084,
    "SSK2": 0.05389221556886228,
    "SHO1": 0.04790419161676647,
    "STE5": 0.041916167664670656,
    "SKO1": 0.041916167664670656,
    "PTC7": 0.03592814371257485,
    "PTP3": 0.029940119760479042,
    "SLG1": 0.017964071856287425,
    "PTP2": 0.017964071856287425,
    "MID2": 0.017964071856287425,
    "ROM1": 0.017964071856287425,
    "WSC2": 0.011976047904191617,
    "MSG5": 0.005988023952095809,
    "PTC3": 0.005988023952095809,
    "PTC4": 0.005988023952095809,
    "MSN2": 0.005988023952095809,
    "PTC2": 0.005988023952095809,
    "MTL1": 0.005988023952095809,
    "PTC5": 0.0,
    "UTH1": 0.0,
    "SMI1": 0.0,
    "MSB2": 0.0,
    "STE18": 0.0,
    "STE4": 0.0,
    "STE7": 0.0,
    "ACA1": 0.0,
    "STE50": 0.0,
    "PTP1": 0.0,
    "RLM1": 0.0,
    "SDP1": 0.0,
    "DIG1": 0.0,
    "SST2": 0.0,
    "DIG2": 0.0,
    "MKK2": 0.0,
    "PAA1": 0.0,
    "WSC3": 0.0,
    "SOK2": 0.0,
    "SMP1": 0.0,
    "HOT1": 0.0,
    "KDX1": 0.0,
    "SSK22": 0.0,
    "RCK2": 0.0,
    "OPY2": 0.0,
    "SSK1": 0.0,
    "NBP2": 0.0,
    "AHK1": 0.0,
    "SMK1": 0.0,
    "MSN4": 0.0,
    "STL1": 0.0,
    "FPS1": 0.0,
    "YGL108C": 0.0,
    "ASK10": 0.0,
    "RGC1": 0.0
}