{
    "HOG1": 0.3545324967304895,
    "PLB3": 0.3214406418526736,
    "PLB1": 0.3214406418526736,
    "PLB2": 0.3214406418526736,
    "TGL5": 0.31665025788723494,
    "TGL4": 0.3086124050372504,
    "ALE1": 0.285909511704113,
    "SLT2": 0.272155525840154,
    "FUS3": 0.24286952816187382,
    "SLC1": 0.18500286541372166,
    "SMK1": 0.0883429092031211,
    "PBS2": 0.06497876654960105,
    "SHO1": 0.053458333945601226,
    "PAH1": 0.048638561121478845,
    "DGK1": 0.04575845297047889,
    "SKO1": 0.044994342644703395,
    "LRO1": 0.030711357324438304,
    "GPP2": 0.025671168060188383,
    "DPP1": 0.025230335179933287,
    "FPS1": 0.024583780288892482,
    "STE7": 0.023334753794836377,
    "DGA1": 0.02332005936549454,
    "DDI2": 0.02311433735470883,
    "YGR125W": 0.02311433735470883,
    "YDR250C": 0.02311433735470883,
    "NTE1": 0.022967393061290465,
    "ARE2": 0.022879226485239445,
    "MKK1": 0.022511865751693533,
    "RLM1": 0.022511865751693533,
    "MKK2": 0.022511865751693533,
    "STE50": 0.021159978252244575,
    "LPP1": 0.017074926895214025,
    "WSC2": 0.017060232465872186,
    "PTC1": 0.01692798260179566,
    "MSG5": 0.01692798260179566,
    "PTP3": 0.01586998368918343,
    "TGL1": 0.015252817656826297,
    "YEH1": 0.015252817656826297,
    "YEH2": 0.015252817656826297,
    "STE11": 0.011402877169265132,
    "SLG1": 0.01137348831058146,
    "BCK1": 0.01137348831058146,
    "PTC3": 0.01137348831058146,
    "MID2": 0.01137348831058146,
    "ROM1": 0.01137348831058146,
    "PTC4": 0.01137348831058146,
    "PTC2": 0.01137348831058146,
    "SDP1": 0.01124123844650493,
    "SSK2": 0.010579989126122288,
    "SSK1": 0.010579989126122288,
    "SCT1": 0.008831352034443742,
    "GPT2": 0.00837582472484681,
    "MSN2": 0.00568674415529073,
    "MSB2": 0.005289994563061144,
    "GUT2": 0.0039674959222958574,
    "GPD2": 0.0011755543473469209,
    "GPD1": 0.0011755543473469209,
    "KSS1": 0.0008228880431428446,
    "STE5": 0.0004114440215714223,
    "STE4": 0.00020572201078571114,
    "STL1": 0.0001322498640765286,
    "GUT1": 0.00011755543473469207,
    "DAK2": 0.00011755543473469207,
    "DAK1": 0.00011755543473469207,
    "LOA1": 5.877771736734604e-05,
    "AYR1": 5.877771736734604e-05,
    "PHM8": 5.877771736734604e-05,
    "ACA1": 2.938885868367302e-05,
    "CST26": 1.469442934183651e-05,
    "SMI1": 0.0,
    "STE18": 0.0,
    "PTP2": 0.0,
    "PTP1": 0.0,
    "DIG1": 0.0,
    "SST2": 0.0,
    "DIG2": 0.0,
    "PAA1": 0.0,
    "PTC7": 0.0,
    "WSC3": 0.0,
    "SOK2": 0.0,
    "SMP1": 0.0,
    "HOT1": 0.0,
    "KDX1": 0.0,
    "SSK22": 0.0,
    "RCK2": 0.0,
    "OPY2": 0.0,
    "NBP2": 0.0,
    "AHK1": 0.0,
    "MSN4": 0.0,
    "YGL108C": 0.0,
    "MTL1": 0.0,
    "ASK10": 0.0,
    "RGC1": 0.0,
    "SPO7": 0.0,
    "NEM1": 0.0,
    "GPP1": 0.0,
    "EPT1": 0.0,
    "SPO14": 0.0,
    "TGL3": 0.0,
    "TAZ1": 0.0,
    "SUL1": 0.0,
    "ARE1": 0.0,
    "TGL2": 0.0,
    "VPS62": 0.0,
    "YGR045C": 0.0,
    "DDI3": 0.0,
    "GPC1": 0.0
}