{
    "HSC82": 0.7664910960622021,
    "HOG1": 0.32010283421118635,
    "SLT2": 0.282041635314773,
    "STE11": 0.16817155756207675,
    "FUS3": 0.09681464760471532,
    "KSS1": 0.09518434913468773,
    "HMS2": 0.08954100827689992,
    "MGA1": 0.08954100827689992,
    "SSA4": 0.06866064710308503,
    "SSA1": 0.068159016804615,
    "PBS2": 0.05975670930524204,
    "HSP104": 0.0509154752947078,
    "SSA2": 0.04790569350388763,
    "SSA3": 0.04740406320541761,
    "SKO1": 0.04426887383997993,
    "MKK1": 0.04301479809380487,
    "HSP42": 0.04144720341108603,
    "MKK2": 0.04050664660145473,
    "FES1": 0.04025583145221971,
    "SHO1": 0.03975420115374969,
    "SSE2": 0.039064459493353396,
    "SSE1": 0.039064459493353396,
    "STE7": 0.03875094055680963,
    "RLM1": 0.03210433910208176,
    "HSP78": 0.030787559568597942,
    "YDJ1": 0.02959618760973163,
    "PTC1": 0.020754953599197393,
    "WSC2": 0.020629546024579885,
    "APJ1": 0.018936543767243543,
    "MDJ1": 0.018936543767243543,
    "SSZ1": 0.018936543767243543,
    "SSQ1": 0.018936543767243543,
    "ECM10": 0.018936543767243543,
    "PTP3": 0.01617757712565839,
    "MSG5": 0.015174316528718335,
    "STE50": 0.01492350137948332,
    "ACA1": 0.014672686230248307,
    "SLG1": 0.013167795334838224,
    "MID2": 0.012164534737898169,
    "BCK1": 0.011412089290193128,
    "ROM1": 0.011161274140958114,
    "PTC2": 0.011161274140958114,
    "PTC3": 0.011035866566340606,
    "PTC4": 0.010283421118635566,
    "SSK1": 0.010158013544018058,
    "TAH1": 0.00965638324554803,
    "PIH1": 0.00965638324554803,
    "SSB1": 0.009468271883621772,
    "XDJ1": 0.009468271883621772,
    "SDP1": 0.007336343115124154,
    "MSN2": 0.005079006772009029,
    "SSK2": 0.005079006772009029,
    "OPY2": 0.005079006772009029,
    "PTP2": 0.002508151492350138,
    "ZUO1": 0.001003260596940055,
    "BTN2": 0.0007524454477050414,
    "PTP1": 0.0006270378730875344,
    "MSB2": 0.0003762227238525207,
    "SMI1": 0.0,
    "STE18": 0.0,
    "STE4": 0.0,
    "STE5": 0.0,
    "DIG1": 0.0,
    "SST2": 0.0,
    "DIG2": 0.0,
    "PAA1": 0.0,
    "PTC7": 0.0,
    "WSC3": 0.0,
    "SOK2": 0.0,
    "SMP1": 0.0,
    "HOT1": 0.0,
    "KDX1": 0.0,
    "SSK22": 0.0,
    "RCK2": 0.0,
    "NBP2": 0.0,
    "AHK1": 0.0,
    "SMK1": 0.0,
    "MSN4": 0.0,
    "STL1": 0.0,
    "FPS1": 0.0,
    "YGL108C": 0.0,
    "MTL1": 0.0,
    "ASK10": 0.0,
    "RGC1": 0.0,
    "HLJ1": 0.0,
    "HSP26": 0.0,
    "CPR7": 0.0,
    "STI1": 0.0,
    "SNL1": 0.0,
    "CPR6": 0.0,
    "SIL1": 0.0,
    "MBF1": 0.0,
    "OPI10": 0.0,
    "AHA1": 0.0,
    "CUR1": 0.0,
    "SBA1": 0.0,
    "HCH1": 0.0,
    "RSA1": 0.0,
    "YJL144W": 0.0
}