{
    "HSP12": 0.9974554707379135,
    "MSN2": 0.9933333333333333,
    "HOG1": 0.48,
    "RLM1": 0.24,
    "SKO1": 0.19333333333333333,
    "PGM2": 0.10941475826972011,
    "GAD1": 0.09923664122137404,
    "SOL4": 0.09923664122137404,
    "TFS1": 0.09414758269720101,
    "STF2": 0.09414758269720101,
    "DCS2": 0.0916030534351145,
    "TSL1": 0.08396946564885496,
    "RTC3": 0.08142493638676845,
    "KSS1": 0.08,
    "SLT2": 0.08,
    "GLC3": 0.061068702290076333,
    "FUS3": 0.05333333333333334,
    "HXK1": 0.05089058524173028,
    "GPH1": 0.04834605597964377,
    "DDR2": 0.043256997455470736,
    "RTN2": 0.04071246819338423,
    "WSC2": 0.04,
    "SLG1": 0.03333333333333333,
    "STE11": 0.03333333333333333,
    "MID2": 0.03333333333333333,
    "OM45": 0.027989821882951654,
    "STE5": 0.02666666666666667,
    "STE7": 0.02666666666666667,
    "PBS2": 0.02666666666666667,
    "SMP1": 0.02666666666666667,
    "SSK2": 0.02666666666666667,
    "SSK1": 0.02666666666666667,
    "SHO1": 0.02,
    "GSY1": 0.015267175572519083,
    "RGI1": 0.015267175572519083,
    "STE4": 0.013333333333333334,
    "STE50": 0.013333333333333334,
    "MKK1": 0.013333333333333334,
    "PTP3": 0.013333333333333334,
    "BCK1": 0.013333333333333334,
    "PTC3": 0.013333333333333334,
    "PTC4": 0.013333333333333334,
    "PTC2": 0.013333333333333334,
    "YMR196W": 0.010178117048346057,
    "HOR7": 0.007633587786259542,
    "MSB2": 0.006666666666666667,
    "PTC1": 0.006666666666666667,
    "HOT1": 0.006666666666666667,
    "YGP1": 0.005089058524173028,
    "SMI1": 0.0,
    "STE18": 0.0,
    "ACA1": 0.0,
    "PTP2": 0.0,
    "PTP1": 0.0,
    "SDP1": 0.0,
    "DIG1": 0.0,
    "SST2": 0.0,
    "MSG5": 0.0,
    "DIG2": 0.0,
    "MKK2": 0.0,
    "PAA1": 0.0,
    "PTC7": 0.0,
    "ROM1": 0.0,
    "WSC3": 0.0,
    "SOK2": 0.0,
    "KDX1": 0.0,
    "SSK22": 0.0,
    "RCK2": 0.0,
    "OPY2": 0.0,
    "NBP2": 0.0,
    "AHK1": 0.0,
    "SMK1": 0.0,
    "MSN4": 0.0,
    "STL1": 0.0,
    "FPS1": 0.0,
    "YGL108C": 0.0,
    "MTL1": 0.0,
    "ASK10": 0.0,
    "RGC1": 0.0,
    "UIP4": 0.0,
    "GLK1": 0.0,
    "HXK2": 0.0,
    "BDH2": 0.0,
    "XBP1": 0.0,
    "PIC2": 0.0,
    "GPG1": 0.0,
    "PNC1": 0.0,
    "GOR1": 0.0,
    "YMR090W": 0.0,
    "GRE3": 0.0,
    "YBR056W": 0.0,
    "NTH2": 0.0,
    "EMI2": 0.0,
    "ATH1": 0.0,
    "TPS3": 0.0,
    "NTH1": 0.0,
    "TPS1": 0.0,
    "YLR446W": 0.0,
    "TPS2": 0.0,
    "YHL012W": 0.0,
    "PGM1": 0.0,
    "NNR1": 0.0,
    "NNR2": 0.0,
    "RNY1": 0.0,
    "TMA10": 0.0,
    "SPI1": 0.0,
    "PRM15": 0.0,
    "AIM17": 0.0,
    "YKL091C": 0.0,
    "GSY2": 0.0,
    "YJR096W": 0.0,
    "GDB1": 0.0,
    "YPL247C": 0.0,
    "IGD1": 0.0,
    "TMA17": 0.0,
    "YLR345W": 0.0,
    "EGO4": 0.0,
    "GCY1": 0.0,
    "STF1": 0.0,
    "DCS1": 0.0,
    "MCR1": 0.0,
    "USV1": 0.0,
    "YLR177W": 0.0,
    "GLG1": 0.0,
    "SYM1": 0.0,
    "YLR252W": 0.0,
    "GLG2": 0.0,
    "MHO1": 0.0,
    "YER067C-A": 0.0,
    "FMP48": 0.0
}