{
    "SLT2": 0.36795252225519287,
    "PTC1": 0.3293768545994065,
    "PTP1": 0.13649851632047477,
    "SDP1": 0.12166172106824925,
    "HOG1": 0.10682492581602374,
    "KSS1": 0.0830860534124629,
    "PBS2": 0.06231454005934718,
    "FUS3": 0.05341246290801187,
    "STE11": 0.04747774480712166,
    "SSK1": 0.04451038575667656,
    "STE20": 0.04154302670623145,
    "STE7": 0.04154302670623145,
    "SHO1": 0.03560830860534125,
    "SKO1": 0.02967359050445104,
    "STE5": 0.02967359050445104,
    "PTP2": 0.026706231454005934,
    "RLM1": 0.026706231454005934,
    "PTP3": 0.02373887240356083,
    "SSK2": 0.02373887240356083,
    "STE4": 0.01483679525222552,
    "PTC6": 0.01483679525222552,
    "SSK22": 0.011869436201780416,
    "PTC7": 0.011869436201780416,
    "SMP1": 0.008902077151335312,
    "FPS1": 0.005934718100890208,
    "WSC2": 0.002967359050445104,
    "ASK10": 0.002967359050445104,
    "PTC5": 0.0,
    "MID2": 0.0,
    "SLG1": 0.0,
    "STE50": 0.0,
    "TEC1": 0.0,
    "MSB2": 0.0,
    "STE18": 0.0,
    "NBP2": 0.0,
    "MKK2": 0.0,
    "MKK1": 0.0,
    "ACA1": 0.0,
    "PTC2": 0.0,
    "DIG1": 0.0,
    "BCK1": 0.0,
    "OPY2": 0.0,
    "MSG5": 0.0,
    "DIG2": 0.0,
    "PTC4": 0.0,
    "MTL1": 0.0,
    "PTC3": 0.0,
    "KDX1": 0.0,
    "ROM1": 0.0,
    "WSC3": 0.0,
    "SMK1": 0.0,
    "RCK1": 0.0,
    "RCK2": 0.0,
    "HOT1": 0.0,
    "AHK1": 0.0,
    "STL1": 0.0,
    "YGL108C": 0.0,
    "RGC1": 0.0
}