{
    "w32": 0.7361563517915309,
    "w28": 0.3729641693811075,
    "w2": 0.30293159609120524,
    "w3": 0.247557003257329,
    "w36": 0.20358306188925082,
    "w12": 0.18078175895765472,
    "w47": 0.15472312703583063,
    "w46": 0.13843648208469056,
    "w17": 0.12214983713355049,
    "w50": 0.06514657980456026,
    "w64": 0.05374592833876222,
    "w123": 0.04234527687296417,
    "w59": 0.029315960912052116,
    "w35": 0.026058631921824105,
    "w51": 0.026058631921824105,
    "w79": 0.026058631921824105,
    "w152": 0.024429967426710098,
    "w62": 0.02280130293159609,
    "w68": 0.017915309446254073,
    "w109": 0.017915309446254073,
    "w58": 0.016286644951140065,
    "w5": 0.014657980456026058,
    "w31": 0.013029315960912053,
    "w178": 0.013029315960912053,
    "w214": 0.013029315960912053,
    "w16": 0.011400651465798045,
    "w26": 0.011400651465798045,
    "w173": 0.011400651465798045,
    "w122": 0.009771986970684038,
    "w145": 0.009771986970684038,
    "w179": 0.009771986970684038,
    "w364": 0.009771986970684038,
    "w43": 0.008143322475570033,
    "w71": 0.008143322475570033,
    "w97": 0.008143322475570033,
    "w259": 0.008143322475570033,
    "w299": 0.008143322475570033,
    "w332": 0.008143322475570033,
    "w365": 0.008143322475570033,
    "w29": 0.006514657980456026,
    "w67": 0.006514657980456026,
    "w78": 0.006514657980456026,
    "w88": 0.006514657980456026,
    "w106": 0.006514657980456026,
    "w134": 0.006514657980456026,
    "w153": 0.006514657980456026,
    "w158": 0.006514657980456026,
    "w339": 0.006514657980456026,
    "w347": 0.006514657980456026,
    "w4": 0.004885993485342019,
    "w10": 0.004885993485342019,
    "w41": 0.004885993485342019,
    "w49": 0.004885993485342019,
    "w60": 0.004885993485342019,
    "w77": 0.004885993485342019,
    "w94": 0.004885993485342019,
    "w100": 0.004885993485342019,
    "w101": 0.004885993485342019,
    "w121": 0.004885993485342019,
    "w133": 0.004885993485342019,
    "w135": 0.004885993485342019,
    "w155": 0.004885993485342019,
    "w164": 0.004885993485342019,
    "w191": 0.004885993485342019,
    "w193": 0.004885993485342019,
    "w205": 0.004885993485342019,
    "w252": 0.004885993485342019,
    "w328": 0.004885993485342019,
    "w353": 0.004885993485342019,
    "w360": 0.004885993485342019,
    "w379": 0.004885993485342019,
    "w45": 0.003257328990228013,
    "w61": 0.003257328990228013,
    "w75": 0.003257328990228013,
    "w82": 0.003257328990228013,
    "w92": 0.003257328990228013,
    "w98": 0.003257328990228013,
    "w99": 0.003257328990228013,
    "w127": 0.003257328990228013,
    "w136": 0.003257328990228013,
    "w157": 0.003257328990228013,
    "w162": 0.003257328990228013,
    "w167": 0.003257328990228013,
    "w177": 0.003257328990228013,
    "w215": 0.003257328990228013,
    "w217": 0.003257328990228013,
    "w242": 0.003257328990228013,
    "w258": 0.003257328990228013,
    "w301": 0.003257328990228013,
    "w306": 0.003257328990228013,
    "w311": 0.003257328990228013,
    "w327": 0.003257328990228013,
    "w372": 0.003257328990228013,
    "w416": 0.003257328990228013,
    "w428": 0.003257328990228013,
    "w453": 0.003257328990228013,
    "w511": 0.003257328990228013,
    "w530": 0.003257328990228013,
    "w572": 0.003257328990228013,
    "w1": 0.0016286644951140066,
    "w15": 0.0016286644951140066,
    "w21": 0.0016286644951140066,
    "w24": 0.0016286644951140066,
    "w37": 0.0016286644951140066,
    "w44": 0.0016286644951140066,
    "w53": 0.0016286644951140066,
    "w56": 0.0016286644951140066,
    "w63": 0.0016286644951140066,
    "w65": 0.0016286644951140066,
    "w66": 0.0016286644951140066,
    "w83": 0.0016286644951140066,
    "w90": 0.0016286644951140066,
    "w91": 0.0016286644951140066,
    "w95": 0.0016286644951140066,
    "w103": 0.0016286644951140066,
    "w115": 0.0016286644951140066,
    "w116": 0.0016286644951140066,
    "w118": 0.0016286644951140066,
    "w139": 0.0016286644951140066,
    "w144": 0.0016286644951140066,
    "w146": 0.0016286644951140066,
    "w149": 0.0016286644951140066,
    "w150": 0.0016286644951140066,
    "w154": 0.0016286644951140066,
    "w163": 0.0016286644951140066,
    "w165": 0.0016286644951140066,
    "w166": 0.0016286644951140066,
    "w170": 0.0016286644951140066,
    "w181": 0.0016286644951140066,
    "w185": 0.0016286644951140066,
    "w196": 0.0016286644951140066,
    "w198": 0.0016286644951140066,
    "w207": 0.0016286644951140066,
    "w216": 0.0016286644951140066,
    "w229": 0.0016286644951140066,
    "w232": 0.0016286644951140066,
    "w234": 0.0016286644951140066,
    "w235": 0.0016286644951140066,
    "w237": 0.0016286644951140066,
    "w240": 0.0016286644951140066,
    "w247": 0.0016286644951140066,
    "w250": 0.0016286644951140066,
    "w251": 0.0016286644951140066,
    "w254": 0.0016286644951140066,
    "w262": 0.0016286644951140066,
    "w280": 0.0016286644951140066,
    "w283": 0.0016286644951140066,
    "w309": 0.0016286644951140066,
    "w319": 0.0016286644951140066,
    "w324": 0.0016286644951140066,
    "w326": 0.0016286644951140066,
    "w329": 0.0016286644951140066,
    "w340": 0.0016286644951140066,
    "w376": 0.0016286644951140066,
    "w380": 0.0016286644951140066,
    "w389": 0.0016286644951140066,
    "w414": 0.0016286644951140066,
    "w417": 0.0016286644951140066,
    "w424": 0.0016286644951140066,
    "w455": 0.0016286644951140066,
    "w487": 0.0016286644951140066,
    "w508": 0.0016286644951140066,
    "w536": 0.0016286644951140066,
    "w555": 0.0016286644951140066,
    "w563": 0.0016286644951140066,
    "w565": 0.0016286644951140066,
    "w0": 0.0,
    "w6": 0.0,
    "w7": 0.0,
    "w8": 0.0,
    "w9": 0.0,
    "w11": 0.0,
    "w13": 0.0,
    "w14": 0.0,
    "w18": 0.0,
    "w19": 0.0,
    "w20": 0.0,
    "w22": 0.0,
    "w23": 0.0,
    "w25": 0.0,
    "w27": 0.0,
    "w30": 0.0,
    "w33": 0.0,
    "w34": 0.0,
    "w38": 0.0,
    "w39": 0.0,
    "w40": 0.0,
    "w42": 0.0,
    "w48": 0.0,
    "w52": 0.0,
    "w54": 0.0,
    "w55": 0.0,
    "w57": 0.0,
    "w69": 0.0,
    "w70": 0.0,
    "w72": 0.0,
    "w73": 0.0,
    "w74": 0.0,
    "w76": 0.0,
    "w80": 0.0,
    "w81": 0.0,
    "w84": 0.0,
    "w85": 0.0,
    "w86": 0.0,
    "w87": 0.0,
    "w89": 0.0,
    "w93": 0.0,
    "w96": 0.0,
    "w102": 0.0,
    "w104": 0.0,
    "w105": 0.0,
    "w107": 0.0,
    "w108": 0.0,
    "w110": 0.0,
    "w111": 0.0,
    "w112": 0.0,
    "w113": 0.0,
    "w114": 0.0,
    "w117": 0.0,
    "w119": 0.0,
    "w120": 0.0,
    "w124": 0.0,
    "w125": 0.0,
    "w126": 0.0,
    "w128": 0.0,
    "w129": 0.0,
    "w130": 0.0,
    "w131": 0.0,
    "w132": 0.0,
    "w137": 0.0,
    "w138": 0.0,
    "w140": 0.0,
    "w141": 0.0,
    "w142": 0.0,
    "w143": 0.0,
    "w147": 0.0,
    "w148": 0.0,
    "w151": 0.0,
    "w156": 0.0,
    "w159": 0.0,
    "w160": 0.0,
    "w161": 0.0,
    "w168": 0.0,
    "w169": 0.0,
    "w171": 0.0,
    "w172": 0.0,
    "w174": 0.0,
    "w175": 0.0,
    "w176": 0.0,
    "w180": 0.0,
    "w182": 0.0,
    "w183": 0.0,
    "w184": 0.0,
    "w186": 0.0,
    "w187": 0.0,
    "w188": 0.0,
    "w189": 0.0,
    "w190": 0.0,
    "w192": 0.0,
    "w194": 0.0,
    "w195": 0.0,
    "w197": 0.0,
    "w199": 0.0,
    "w200": 0.0,
    "w201": 0.0,
    "w202": 0.0,
    "w203": 0.0,
    "w204": 0.0,
    "w206": 0.0,
    "w208": 0.0,
    "w209": 0.0,
    "w210": 0.0,
    "w211": 0.0,
    "w212": 0.0,
    "w213": 0.0,
    "w218": 0.0,
    "w219": 0.0,
    "w220": 0.0,
    "w221": 0.0,
    "w222": 0.0,
    "w223": 0.0,
    "w224": 0.0,
    "w225": 0.0,
    "w226": 0.0,
    "w227": 0.0,
    "w228": 0.0,
    "w230": 0.0,
    "w231": 0.0,
    "w233": 0.0,
    "w236": 0.0,
    "w238": 0.0,
    "w239": 0.0,
    "w241": 0.0,
    "w243": 0.0,
    "w245": 0.0,
    "w246": 0.0,
    "w248": 0.0,
    "w249": 0.0,
    "w253": 0.0,
    "w255": 0.0,
    "w256": 0.0,
    "w257": 0.0,
    "w260": 0.0,
    "w261": 0.0,
    "w263": 0.0,
    "w264": 0.0,
    "w265": 0.0,
    "w266": 0.0,