{
    "LYS12": 0.9901960784313726,
    "COR1": 0.5082508250825083,
    "SDH2": 0.48514851485148514,
    "TRP5": 0.18627450980392157,
    "TRP3": 0.17647058823529413,
    "ARO8": 0.11764705882352941,
    "ILV6": 0.08823529411764706,
    "HIS4": 0.0784313725490196,
    "HOM2": 0.06862745098039216,
    "CYT1": 0.066006600660066,
    "LEU1": 0.049019607843137254,
    "HIS7": 0.049019607843137254,
    "HIS1": 0.049019607843137254,
    "RIP1": 0.0462046204620462,
    "COX4": 0.039603960396039604,
    "COX6": 0.039603960396039604,
    "BI4": 0.039603960396039604,
    "QCR6": 0.039603960396039604,
    "COB": 0.039603960396039604,
    "COX2": 0.039603960396039604,
    "COX12": 0.039603960396039604,
    "QCR9": 0.039603960396039604,
    "COX3": 0.033003300330033,
    "COX8": 0.033003300330033,
    "QCR7": 0.033003300330033,
    "QCR8": 0.033003300330033,
    "HOM3": 0.029411764705882353,
    "QCR2": 0.026402640264026403,
    "CYC7": 0.019801980198019802,
    "COX1": 0.013201320132013201,
    "COX10": 0.013201320132013201,
    "COX5A": 0.013201320132013201,
    "SDH4": 0.013201320132013201,
    "CYC1": 0.013201320132013201,
    "AI1": 0.006600660066006601,
    "QCR10": 0.006600660066006601,
    "COX13": 0.006600660066006601,
    "SDH1": 0.006600660066006601,
    "POR1": 0.006600660066006601,
    "INH1": 0.006600660066006601,
    "COX5B": 0.0033003300330033004,
    "COX7": 0.0033003300330033004,
    "COX11": 0.0033003300330033004,
    "MIR1": 0.0033003300330033004,
    "SDH5": 0.0033003300330033004,
    "SDH6": 0.0033003300330033004,
    "BAT1": 0.0,
    "BAT2": 0.0,
    "LEU9": 0.0,
    "LEU4": 0.0,
    "ILV2": 0.0,
    "TRP4": 0.0,
    "THR4": 0.0,
    "HIS5": 0.0,
    "HIS6": 0.0,
    "ARO1": 0.0,
    "ARO10": 0.0,
    "TYR1": 0.0,
    "ARO2": 0.0,
    "ARO9": 0.0,
    "ARO7": 0.0,
    "PHA2": 0.0,
    "ARO3": 0.0,
    "ARO4": 0.0,
    "SER2": 0.0,
    "TRP2": 0.0,
    "ABZ1": 0.0,
    "ABZ2": 0.0,
    "NDI1": 0.0,
    "AI4": 0.0,
    "COX26": 0.0,
    "RCF1": 0.0,
    "RCF2": 0.0,
    "COX15": 0.0,
    "AI5_ALPHA": 0.0,
    "BI2": 0.0,
    "NDE1": 0.0,
    "NDE2": 0.0,
    "BI3": 0.0,
    "AI2": 0.0,
    "AI3": 0.0,
    "COX23": 0.0,
    "COX16": 0.0,
    "YJL045W": 0.0,
    "YJL225W-A": 0.0,
    "TCM62": 0.0,
    "POR2": 0.0,
    "CYC3": 0.0,
    "CYC2": 0.0,
    "CYT2": 0.0,
    "RBS1": 0.0,
    "AIM45": 0.0,
    "SHH3": 0.0,
    "SHH4": 0.0,
    "FMP52": 0.0,
    "YPR010C-A": 0.0,
    "FRD1": 0.0,
    "FMP41": 0.0,
    "YLR294C": 0.0,
    "OSM1": 0.0,
    "YGL188C": 0.0,
    "AGC1": 0.0
}