{
    "ARO8": 0.29848683659510317,
    "YMR090W": 0.21855719031798765,
    "ALD3": 0.21607247550182865,
    "ILV2": 0.1220860437198135,
    "BAT1": 0.118093749127558,
    "BDH2": 0.115343811943382,
    "TRP3": 0.11520422122337307,
    "ARO10": 0.11488316256735252,
    "PDC5": 0.10896451603897372,
    "TRP5": 0.09677824618219381,
    "BAT2": 0.09515899383009017,
    "GSH1": 0.08960328317373462,
    "GAD1": 0.08608559702950948,
    "GLK1": 0.08207934336525308,
    "ALD4": 0.06330439152405148,
    "PDC6": 0.06084759485189425,
    "ADH5": 0.05992629609983528,
    "PDC1": 0.05886540662776739,
    "ARO4": 0.05848851168374326,
    "CTT1": 0.05520812976353332,
    "THI3": 0.05062955414724029,
    "GSH2": 0.03986710963455149,
    "TFS1": 0.03576314246628884,
    "PGM2": 0.03333426393813339,
    "ALD5": 0.033180714146123565,
    "HFD1": 0.031896479522041374,
    "HXK1": 0.031198525921996706,
    "GSY2": 0.028881319969848405,
    "HIS5": 0.02798793936179123,
    "ARO7": 0.027736676065775148,
    "DCS2": 0.02688517267372065,
    "GLC3": 0.02675954102571261,
    "TSL1": 0.026647868449705462,
    "STF2": 0.02585220134565454,
    "SOL4": 0.02585220134565454,
    "ARO9": 0.02555906083363578,
    "OM45": 0.02308830508947765,
    "TPS1": 0.022502024065440128,
    "ABZ1": 0.02035232697730255,
    "DDR2": 0.01936123286523912,
    "RTC3": 0.01916580585722661,
    "HOM2": 0.018984337921214997,
    "ALD6": 0.01594126022502024,
    "TYR1": 0.015271224768977359,
    "RGI1": 0.014852452608950557,
    "TPS2": 0.01469890281694073,
    "GPH1": 0.014670984672938942,
    "ILV6": 0.013693849632876407,
    "PNC1": 0.013638013344872833,
    "YLR345W": 0.012786509952818336,
    "ARO3": 0.012772550880817444,
    "GDB1": 0.012074597280772774,
    "ARO1": 0.011013707808704877,
    "ALD2": 0.01077640358468969,
    "PRX1": 0.010720567296686117,
    "RTN2": 0.01048326307267093,
    "TRP2": 0.010218040704653954,
    "THR4": 0.009464250816605712,
    "GRE3": 0.008989642368575338,
    "HIS4": 0.00875233814456015,
    "LYS12": 0.008417320416538709,
    "NTH1": 0.007817080320500294,
    "ARO2": 0.0078031212484993995,
    "NNR2": 0.007398308160473491,
    "PFK2": 0.006965576928445797,
    "SYM1": 0.006714313632429716,
    "GOR1": 0.006197827968396661,
    "TSA2": 0.006169909824394874,
    "GPG1": 0.006086155392389514,
    "CTA1": 0.005695301376364499,
    "GLR1": 0.005695301376364499,
    "GSY1": 0.005625506016360032,
    "FMP16": 0.004927552416315363,
    "AIM17": 0.004801920768307323,
    "HSP42": 0.004634411904296603,
    "HYR1": 0.004438984896284095,
    "TRX2": 0.004271476032273375,
    "GPX1": 0.004257516960272481,
    "UIP4": 0.00396437644825372,
    "YJR096W": 0.003727072224238533,
    "YDL124W": 0.0032105865602054776,
    "SPI1": 0.003112873056199224,
    "TSA1": 0.0028476506881822496,
    "TRX1": 0.0028476506881822496,
    "GCY1": 0.0027359781121751026,
    "LEU4": 0.002708059968173316,
    "HSP26": 0.0024847148161590217,
    "ADH1": 0.0024428376001563415,
    "PHA2": 0.0021496970881375805,
    "YNL194C": 0.0021357380161366873,
    "SOD1": 0.0021357380161366873,
    "XBP1": 0.0016750886401072057,
    "SOD2": 0.001507579776096485,
    "TRR2": 0.0014238253440911248,
    "GPX2": 0.0014238253440911248,
    "PAI3": 0.0013819481280884446,
    "TMA10": 0.0012702755520812977,
    "YLR252W": 0.0012702755520812977,
    "LEU1": 0.001060889472067897,
    "FMP45": 0.0008235852480527095,
    "GRX2": 0.0007956671040509227,
    "GRX1": 0.0007956671040509227,
    "DCS1": 0.0007817080320500293,
    "HSP12": 0.0007817080320500293,
    "TRX3": 0.0007119126720455624,
    "EMI2": 0.0006560763840419889,
    "ADH4": 0.0006560763840419889,
    "ADH2": 0.0006281582400402021,
    "YHR138C": 0.0006281582400402021,
    "ADH3": 0.0006281582400402021,
    "TRP4": 0.0005723219520366286,
    "PHM7": 0.0005723219520366286,
    "NTH2": 0.0005444038080348419,
    "HIS1": 0.00047460844803037496,
    "IGD1": 0.000293140512018761,
    "HIS7": 0.0002652223680169742,
    "PGM1": 0.0002233451520142941,
    "YHL012W": 0.0002233451520142941,
    "STF1": 0.00019542700801250732,
    "BDH1": 9.771350400625366e-05,
    "PIC2": 8.375443200536029e-05,
    "YBR139W": 8.375443200536029e-05,
    "SIP18": 8.375443200536029e-05,
    "YMR196W": 6.97953600044669e-05,
    "HOM3": 5.5836288003573523e-05,
    "YEF1": 5.5836288003573523e-05,
    "FBP26": 4.1877216002680144e-05,
    "PFK26": 4.1877216002680144e-05,
    "YPL247C": 4.1877216002680144e-05,
    "LEU9": 0.0,
    "HIS6": 0.0,
    "SER2": 0.0,
    "ABZ2": 0.0,
    "YAK1": 0.0,
    "YBL029C-A": 0.0,
    "YBR085C-A": 0.0,
    "MCR1": 0.0,
    "HXT5": 0.0,
    "PBI2": 0.0,
    "DOT5": 0.0,
    "CCP1": 0.0,
    "SRX1": 0.0,
    "AHP1": 0.0,
    "GRE1": 0.0,
    "YBR056W": 0.0,
    "ATH1": 0.0,
    "TPS3": 0.0,
    "EGO4": 0.0,
    "USV1": 0.0,
    "YBR116C": 0.0,
    "HBT1": 0.0,
    "GLG2": 0.0,
    "HOR7": 0.0,
    "YKL091C": 0.0,
    "GLG1": 0.0,
    "UGX2": 0.0,
    "YDR034W-B": 0.0,
    "MHO1": 0.0,
    "PIG2": 0.0,
    "PFK27": 0.0,
    "YER067C-A": 0.0,
    "FMP46": 0.0
}