{
    "TRP5": 0.3318230594968403,
    "LYS12": 0.22654107547394778,
    "ILV6": 0.13807082389412187,
    "LEU4": 0.11672826994157624,
    "TRP3": 0.07917014427089543,
    "FUM1": 0.0641468940026231,
    "LEU9": 0.060689161798020745,
    "IDH2": 0.059258376058185284,
    "IDH1": 0.05842375104328127,
    "ILV2": 0.05436985811374746,
    "LEU1": 0.05353523309884345,
    "PDB1": 0.04805055442947419,
    "PYC2": 0.04566591152974842,
    "PYC1": 0.04495051865983069,
    "PDA1": 0.042446643615118636,
    "IDP2": 0.038988911410516275,
    "ARO8": 0.034338857756051035,
    "MAE1": 0.03410039346607845,
    "IDP1": 0.026231071896983427,
    "IDP3": 0.02313103612733993,
    "LSC1": 0.022773339692381066,
    "BAT2": 0.020031000357696435,
    "HIS4": 0.018480982472874687,
    "HOM2": 0.018123286037915822,
    "MLS1": 0.013473232383450578,
    "LAT1": 0.012042446643615118,
    "HIS1": 0.011565518063669965,
    "ARO7": 0.010611660903779659,
    "CIT1": 0.009538571598903063,
    "ARO4": 0.009419339453916776,
    "MDH1": 0.009061643018957911,
    "CIT3": 0.008942410873971622,
    "ARO2": 0.008823178728985335,
    "CIT2": 0.008584714439012759,
    "HIS7": 0.008227018004053894,
    "ARO10": 0.008107785859067605,
    "MDH2": 0.007869321569095028,
    "ACS1": 0.007750089424108739,
    "MDH3": 0.007630857279122451,
    "ACO1": 0.007392392989149875,
    "KGD1": 0.007273160844163586,
    "ACH1": 0.006080839394300703,
    "ICL1": 0.005484678669369262,
    "HOM3": 0.004769285799451532,
    "THR4": 0.0045308215094789555,
    "KGD2": 0.0036961964945749375,
    "HIS5": 0.0031000357696434958,
    "ARO3": 0.0031000357696434958,
    "TYR1": 0.002384642899725766,
    "PHA2": 0.002384642899725766,
    "BAT1": 0.0021461786097531897,
    "ACO2": 0.0015500178848217479,
    "ICL2": 0.0008346250149040181,
    "TRP4": 0.0,
    "HIS6": 0.0,
    "ARO1": 0.0,
    "ARO9": 0.0,
    "SER2": 0.0,
    "TRP2": 0.0,
    "ABZ1": 0.0,
    "ABZ2": 0.0,
    "PCK1": 0.0,
    "PDX1": 0.0,
    "LPD1": 0.0,
    "UGA2": 0.0,
    "FDH1": 0.0
}