{
    "ALD3": 0.1735684443352175,
    "ALD4": 0.1193372655033997,
    "PGM2": 0.11403293192430572,
    "MDH1": 0.11055132301138691,
    "GLK1": 0.07933972310969116,
    "GAD1": 0.07909396248054396,
    "PDA1": 0.07845908085524698,
    "CIT1": 0.06471696567543213,
    "ACO1": 0.06400016384041943,
    "HXK1": 0.06324240190054886,
    "GOR1": 0.061235356762513314,
    "FUM1": 0.060211354141066604,
    "TFS1": 0.05281805521422135,
    "PDB1": 0.05222413369378225,
    "CTA1": 0.05025804866060457,
    "IDP2": 0.042373228475464896,
    "ICL1": 0.03829769804210699,
    "ACS1": 0.03672073400507905,
    "LPD1": 0.036393053166216105,
    "MDH2": 0.034918489391332845,
    "DCS2": 0.02897927418694192,
    "GPH1": 0.028385352666502828,
    "GLC3": 0.02582534611288605,
    "STF2": 0.025722945850741377,
    "OM45": 0.025374784959449496,
    "GSY2": 0.025313344802162692,
    "UGA2": 0.02467846317686573,
    "MLS1": 0.02404358155156877,
    "PDC6": 0.02373638076513476,
    "PDC5": 0.02373638076513476,
    "PIC2": 0.023511100188416484,
    "PDC1": 0.02338821987384288,
    "PRX1": 0.022855738510690587,
    "SOD1": 0.020090931432784467,
    "ACH1": 0.019783730646350455,
    "GPG1": 0.01884164823461948,
    "NNR2": 0.01806340624231998,
    "TPS1": 0.018022446137462112,
    "LSC1": 0.017653805193741295,
    "TSL1": 0.01742852461702302,
    "ALD6": 0.016179241418858032,
    "CTT1": 0.013824035389530597,
    "PNC1": 0.0131072335545179,
    "MCR1": 0.012881952977799623,
    "LAT1": 0.011878430408781846,
    "RTC3": 0.011304988940771688,
    "SOL4": 0.01073154747276153,
    "THI3": 0.010362906529040714,
    "HSP42": 0.010178586057180307,
    "ALD2": 0.009605144589170148,
    "MDH3": 0.009461784222167608,
    "RGI1": 0.008929302859015319,
    "DDR2": 0.008826902596870648,
    "GSY1": 0.008724502334725976,
    "MAE1": 0.00864258212501024,
    "ADH2": 0.008335381338576227,
    "UIP4": 0.007761939870566069,
    "YHR138C": 0.007536659293847792,
    "GLR1": 0.007352338821987384,
    "TPS2": 0.00733185876955845,
    "HXT5": 0.007024657983124437,
    "CIT2": 0.006840337511264029,
    "TMA10": 0.006758417301548292,
    "SOD2": 0.0066764970918325554,
    "CIT3": 0.00630785614811174,
    "YJR096W": 0.0061644957811092,
    "PGM1": 0.005713934627672647,
    "HFD1": 0.0055296141558122385,
    "ALD5": 0.004935692635373147,
    "PAI3": 0.0046899320062259355,
    "NTH1": 0.004198410747931515,
    "GPX1": 0.004177930695502581,
    "AIM17": 0.003993610223642172,
    "GDB1": 0.0036044892274924223,
    "HSP12": 0.003584009175063488,
    "GRE3": 0.003481608912918817,
    "NTH2": 0.003379208650774146,
    "ICL2": 0.003215368231342672,
    "IDH2": 0.00315392807405587,
    "GSH2": 0.0031334480216269355,
    "KGD1": 0.002703366920619317,
    "IDH1": 0.0025804866060457113,
    "YMR090W": 0.0025395265011878432,
    "RTN2": 0.0019251249283198165,
    "FDH1": 0.0019046448758908822,
    "FMP16": 0.0019046448758908822,
    "GCY1": 0.0017817645613172769,
    "SYM1": 0.0017203244040304743,
    "PCK1": 0.001679364299172606,
    "HSP26": 0.001679364299172606,
    "KGD2": 0.0015360039321700664,
    "STF1": 0.0015360039321700664,
    "YDL124W": 0.0013516834603096585,
    "YPL247C": 0.0013516834603096585,
    "PYC2": 0.0012697632505939216,
    "YEF1": 0.0010854427787335135,
    "PYC1": 0.0010444826738756452,
    "YLR345W": 0.0009830425165888424,
    "GSH1": 0.0009011223068731056,
    "IDP1": 0.0008601622020152371,
    "PHM7": 0.0007782419922995003,
    "YHL012W": 0.0007372818874416319,
    "YKL091C": 0.0007168018350126976,
    "PFK2": 0.0006963217825837634,
    "SIP18": 0.000655361677725895,
    "BDH2": 0.0006348816252969608,
    "IGD1": 0.0006348816252969608,
    "SPI1": 0.0005734414680101581,
    "HYR1": 0.0005324813631522897,
    "TRX2": 0.000471041205865487,
    "ADH1": 0.0004505611534365528,
    "TRX1": 0.0004505611534365528,
    "DCS1": 0.0004300811010076186,
    "EMI2": 0.00038912099614975016,
    "YNL194C": 0.00038912099614975016,
    "ADH4": 0.00038912099614975016,
    "XBP1": 0.0003072007864340133,
    "GLG2": 0.0003072007864340133,
    "YBR139W": 0.00028672073400507907,
    "GPX2": 0.00026624068157614486,
    "TRX3": 0.0002457606291472106,
    "AHP1": 0.0002457606291472106,
    "HBT1": 0.0002252805767182764,
    "TSA1": 0.00020480052428934218,
    "SRX1": 0.00020480052428934218,
    "ATH1": 0.00020480052428934218,
    "TSA2": 0.00018432047186040798,
    "ADH3": 0.00018432047186040798,
    "TRR2": 0.00016384041943147374,
    "YMR196W": 0.00016384041943147374,
    "FMP45": 0.00014336036700253953,
    "BDH1": 0.0001228803145736053,
    "USV1": 0.0001228803145736053,
    "ADH5": 0.0001228803145736053,
    "ACO2": 0.00010240026214467109,
    "GRX1": 6.144015728680265e-05,
    "IDP3": 4.0960104857868435e-05,
    "FBP26": 4.0960104857868435e-05,
    "PFK26": 4.0960104857868435e-05,
    "DOT5": 4.0960104857868435e-05,
    "GRX2": 4.0960104857868435e-05,
    "EGO4": 4.0960104857868435e-05,
    "PDX1": 2.0480052428934218e-05,
    "CCP1": 2.0480052428934218e-05,
    "HOR7": 2.0480052428934218e-05,
    "YAK1": 0.0,
    "YBL029C-A": 0.0,
    "YBR085C-A": 0.0,
    "PBI2": 0.0,
    "GRE1": 0.0,
    "YBR056W": 0.0,
    "TPS3": 0.0,
    "YBR116C": 0.0,
    "GLG1": 0.0,
    "UGX2": 0.0,
    "YDR034W-B": 0.0,
    "MHO1": 0.0,
    "YLR252W": 0.0,
    "PIG2": 0.0,
    "PFK27": 0.0,
    "YER067C-A": 0.0,
    "FMP46": 0.0
}