{
    "PGM2": 0.14952495157273316,
    "ALD3": 0.1237366083782466,
    "TKL2": 0.10381224715695705,
    "NQM1": 0.09792191020859962,
    "ACO1": 0.08362433618406315,
    "GLK1": 0.07930212025775166,
    "GAD1": 0.06142026961139589,
    "AAT1": 0.057835992989576604,
    "TKL1": 0.055912079802864785,
    "CTT1": 0.05160304136413352,
    "FUM1": 0.045396444713850855,
    "PFK1": 0.04468486038451909,
    "CIT1": 0.04360430640294122,
    "MDH1": 0.04351206398987969,
    "PDA1": 0.03846508624665621,
    "KGD1": 0.035407909128045645,
    "PDB1": 0.03461725987323257,
    "PYK2": 0.03282512156232293,
    "TAL1": 0.031336065465758296,
    "PIC2": 0.028213000909246642,
    "MDH2": 0.027171979390409426,
    "GPH1": 0.026592169936879833,
    "SOL4": 0.02623637777221395,
    "TFS1": 0.024826386601130627,
    "GLC3": 0.024707789212908667,
    "IDP2": 0.02255985873733314,
    "ICL1": 0.022546681249752922,
    "GOR1": 0.022204066572667255,
    "KGD2": 0.02211182415960573,
    "OM45": 0.021439772293014615,
    "STF2": 0.021044447665608076,
    "PCK1": 0.019766231370326934,
    "MDH3": 0.019542214081463227,
    "ENO1": 0.0185670800005271,
    "ACS1": 0.018329885224083176,
    "GDH3": 0.017315218680406395,
    "PGM1": 0.016998958978481162,
    "DCS2": 0.01593158248448351,
    "RPE1": 0.0153385955433737,
    "ENO2": 0.014811496040164983,
    "GRE3": 0.013190665067798174,
    "HSP12": 0.013164310092637738,
    "GND1": 0.012768985465231199,
    "RGI1": 0.012215530986862046,
    "GND2": 0.012044223648319212,
    "LSC1": 0.010291617800150223,
    "UGA2": 0.010159842924348043,
    "LPD1": 0.010133487949187607,
    "NNR2": 0.00940872613227562,
    "IDH1": 0.009263773768893223,
    "GSY2": 0.009237418793732787,
    "ALT2": 0.009066111455189953,
    "ACH1": 0.008604899389882325,
    "PYC1": 0.00818321978731535,
    "ALT1": 0.008130509836994478,
    "SPI1": 0.007366215557341837,
    "TDH3": 0.007326683094601183,
    "HSP42": 0.0070104233926759525,
    "DDR2": 0.006839116054133119,
    "GPM2": 0.006733696153491375,
    "EMI2": 0.006417436451566144,
    "MLS1": 0.006351549013665055,
    "YJR096W": 0.006246129113023311,
    "PAI3": 0.0061538866999617855,
    "PRS5": 0.006087999262060695,
    "UIP4": 0.005982579361418952,
    "FMP16": 0.005771739560135465,
    "YLR345W": 0.005626787196753067,
    "ACO2": 0.00541594739546958,
    "XKS1": 0.005402769907889362,
    "GRE1": 0.005402769907889362,
    "RTC3": 0.005363237445148708,
    "MCR1": 0.005363237445148708,
    "TSL1": 0.005191930106605874,
    "XYL2": 0.005139220156285003,
    "RTN2": 0.004664830603397156,
    "PNC1": 0.00463847562823672,
    "GDB1": 0.004269505975990618,
    "TPS1": 0.004243151000830182,
    "YHR138C": 0.004216796025669746,
    "HXT5": 0.004203618538089528,
    "IDH2": 0.003834648885843425,
    "TPS2": 0.0034920342087577582,
    "TMA10": 0.0028463373173270782,
    "DCS1": 0.0028331598297468607,
    "GPG1": 0.002701384953944681,
    "TDH1": 0.002688207466364463,
    "STF1": 0.002595965053302937,
    "TDH2": 0.0025696100781425015,
    "IDP1": 0.0025564325905622835,
    "ERR3": 0.00238512525201945,
    "HOR7": 0.002332415301698578,
    "PYC2": 0.0022665278637974883,
    "RNY1": 0.0022138179134766167,
    "CIT2": 0.001976623137032693,
    "PRM15": 0.0019239131867118215,
    "IDP3": 0.0016603634351074624,
    "NNR1": 0.001502233584144847,
    "GCY1": 0.001489056096564629,
    "GSY1": 0.001489056096564629,
    "HSP26": 0.001475878608984411,
    "YMR090W": 0.0013704587083426675,
    "SYM1": 0.0013572812207624494,
    "CIT3": 0.0013177487580217956,
    "FDH1": 0.0012255063449602699,
    "LYS4": 0.0010673764939976545,
    "YNL194C": 0.0009487791057756929,
    "AIM17": 0.000896069155454821,
    "YKL091C": 0.0008301817175537312,
    "PHM7": 0.0006456968914306798,
    "YMR196W": 0.0006325194038504619,
    "HBT1": 0.0006325194038504619,
    "NTH1": 0.000592986941109808,
    "YLR252W": 0.0005534544783691542,
    "GLG1": 0.00046121206530762846,
    "XBP1": 0.00042167960256697456,
    "TMA17": 0.00042167960256697456,
    "YBR056W": 0.00040850211498675665,
    "TPS3": 0.00040850211498675665,
    "IGD1": 0.0003557921646658848,
    "LAT1": 0.00034261467708566687,
    "CTP1": 0.00034261467708566687,
    "SOL3": 0.0002635497516043591,
    "USV1": 0.0002635497516043591,
    "ADH1": 0.00023719477644392321,
    "RBK1": 0.00023719477644392321,
    "YOR289W": 0.00023719477644392321,
    "PDX1": 0.00022401728886370525,
    "YDR034W-B": 0.00022401728886370525,
    "ARA1": 0.00017130733854283343,
    "FMP45": 0.00015812985096261547,
    "GPM3": 0.0001449523633823975,
    "PRS2": 0.00013177487580217956,
    "ATH1": 0.00013177487580217956,
    "NTH2": 9.224241306152569e-05,
    "GGA1": 6.588743790108978e-05,
    "SHH4": 5.270995032087182e-05,
    "EGO4": 3.953246274065387e-05,
    "GLG2": 2.635497516043591e-05,
    "ODC2": 0.0,
    "ODC1": 0.0,
    "YBR053C": 0.0,
    "YOR283W": 0.0,
    "PRS4": 0.0,
    "YBR085C-A": 0.0,
    "FMP46": 0.0,
    "PBI2": 0.0,
    "PHO13": 0.0,
    "PRS3": 0.0,
    "PRS1": 0.0,
    "MHO1": 0.0,
    "YJL144W": 0.0,
    "YBR116C": 0.0,
    "YPL247C": 0.0,
    "YDR248C": 0.0,
    "YDR391C": 0.0,
    "PIG2": 0.0,
    "YER067C-A": 0.0
}