{
    "LPD1": 0.4415477497255763,
    "GCV1": 0.30680570801317236,
    "KGD1": 0.1786498353457739,
    "SHM2": 0.14763995609220637,
    "GDH3": 0.1251372118551043,
    "GDH1": 0.12102085620197585,
    "AAT1": 0.11031833150384193,
    "SHM1": 0.10784851811196487,
    "GDH2": 0.10400658616904501,
    "GCV3": 0.10345773874862788,
    "CIT3": 0.09604829857299671,
    "ADE8": 0.070801317233809,
    "ACO1": 0.06888035126234907,
    "HOM3": 0.05378704720087816,
    "IDH2": 0.0513172338090011,
    "FUM1": 0.05104281009879254,
    "MDH1": 0.045828759604829856,
    "GLT1": 0.045828759604829856,
    "IDH1": 0.04473106476399561,
    "MTD1": 0.034302963776070255,
    "ADE3": 0.033205268935236,
    "LSC1": 0.028265642151481887,
    "MIS1": 0.026619099890230515,
    "AIM22": 0.019209659714599342,
    "MET12": 0.01756311745334797,
    "MET13": 0.01756311745334797,
    "CIT1": 0.010976948408342482,
    "ICL2": 0.007683863885839737,
    "GCV2": 0.007135016465422613,
    "ARG2": 0.006311745334796927,
    "CIT2": 0.005762897914379802,
    "MDH2": 0.005762897914379802,
    "ARG1": 0.005488474204171241,
    "PCK1": 0.0043907793633369925,
    "MDH3": 0.0035675082327113064,
    "FAU1": 0.0030186608122941823,
    "LIP2": 0.0,
    "ADE5,7": 0.0,
    "FMT1": 0.0,
    "RMA1": 0.0,
    "MET7": 0.0,
    "ALT2": 0.0,
    "ALT1": 0.0,
    "ASN2": 0.0,
    "YMR31": 0.0,
    "IDP1": 0.0,
    "ASP1": 0.0,
    "ASN1": 0.0,
    "IDP3": 0.0,
    "PDH1": 0.0
}