{
    "w1": 0.4650735294117647,
    "w3": 0.42463235294117646,
    "w52": 0.3860294117647059,
    "w9": 0.34191176470588236,
    "w19": 0.3290441176470588,
    "w37": 0.2775735294117647,
    "w13": 0.1213235294117647,
    "w42": 0.10110294117647059,
    "w57": 0.08272058823529412,
    "w66": 0.04963235294117647,
    "w20": 0.04595588235294118,
    "w95": 0.042279411764705885,
    "w36": 0.042279411764705885,
    "w70": 0.04044117647058824,
    "w262": 0.034926470588235295,
    "w125": 0.03308823529411765,
    "w160": 0.03125,
    "w47": 0.029411764705882353,
    "w53": 0.027573529411764705,
    "w26": 0.027573529411764705,
    "w77": 0.025735294117647058,
    "w134": 0.02389705882352941,
    "w23": 0.022058823529411766,
    "w32": 0.02022058823529412,
    "w150": 0.01838235294117647,
    "w135": 0.01838235294117647,
    "w21": 0.016544117647058824,
    "w41": 0.016544117647058824,
    "w76": 0.016544117647058824,
    "w55": 0.016544117647058824,
    "w25": 0.014705882352941176,
    "w299": 0.014705882352941176,
    "w71": 0.014705882352941176,
    "w685": 0.012867647058823529,
    "w172": 0.012867647058823529,
    "w18": 0.012867647058823529,
    "w69": 0.012867647058823529,
    "w235": 0.012867647058823529,
    "w54": 0.011029411764705883,
    "w372": 0.011029411764705883,
    "w213": 0.011029411764705883,
    "w87": 0.011029411764705883,
    "w48": 0.011029411764705883,
    "w143": 0.011029411764705883,
    "w154": 0.009191176470588236,
    "w432": 0.009191176470588236,
    "w75": 0.009191176470588236,
    "w168": 0.009191176470588236,
    "w99": 0.009191176470588236,
    "w273": 0.007352941176470588,
    "w181": 0.007352941176470588,
    "w625": 0.007352941176470588,
    "w109": 0.007352941176470588,
    "w64": 0.007352941176470588,
    "w17": 0.007352941176470588,
    "w28": 0.007352941176470588,
    "w259": 0.007352941176470588,
    "w149": 0.007352941176470588,
    "w217": 0.007352941176470588,
    "w94": 0.0055147058823529415,
    "w34": 0.0055147058823529415,
    "w124": 0.0055147058823529415,
    "w2": 0.0055147058823529415,
    "w351": 0.0055147058823529415,
    "w240": 0.0055147058823529415,
    "w185": 0.0055147058823529415,
    "w365": 0.0055147058823529415,
    "w156": 0.0055147058823529415,
    "w91": 0.0055147058823529415,
    "w274": 0.0055147058823529415,
    "w74": 0.0055147058823529415,
    "w397": 0.0055147058823529415,
    "w304": 0.0055147058823529415,
    "w201": 0.003676470588235294,
    "w177": 0.003676470588235294,
    "w479": 0.003676470588235294,
    "w324": 0.003676470588235294,
    "w268": 0.003676470588235294,
    "w93": 0.003676470588235294,
    "w533": 0.003676470588235294,
    "w384": 0.003676470588235294,
    "w113": 0.003676470588235294,
    "w422": 0.003676470588235294,
    "w65": 0.003676470588235294,
    "w159": 0.003676470588235294,
    "w49": 0.003676470588235294,
    "w413": 0.003676470588235294,
    "w114": 0.003676470588235294,
    "w105": 0.003676470588235294,
    "w45": 0.003676470588235294,
    "w40": 0.003676470588235294,
    "w102": 0.003676470588235294,
    "w295": 0.003676470588235294,
    "w236": 0.003676470588235294,
    "w92": 0.003676470588235294,
    "w182": 0.003676470588235294,
    "w216": 0.003676470588235294,
    "w310": 0.003676470588235294,
    "w193": 0.003676470588235294,
    "w251": 0.003676470588235294,
    "w197": 0.003676470588235294,
    "w581": 0.003676470588235294,
    "w518": 0.003676470588235294,
    "w532": 0.003676470588235294,
    "w61": 0.003676470588235294,
    "w361": 0.001838235294117647,
    "w307": 0.001838235294117647,
    "w4": 0.001838235294117647,
    "w421": 0.001838235294117647,
    "w333": 0.001838235294117647,
    "w203": 0.001838235294117647,
    "w209": 0.001838235294117647,
    "w448": 0.001838235294117647,
    "w68": 0.001838235294117647,
    "w73": 0.001838235294117647,
    "w486": 0.001838235294117647,
    "w302": 0.001838235294117647,
    "w293": 0.001838235294117647,
    "w335": 0.001838235294117647,
    "w265": 0.001838235294117647,
    "w263": 0.001838235294117647,
    "w438": 0.001838235294117647,
    "w88": 0.001838235294117647,
    "w126": 0.001838235294117647,
    "w275": 0.001838235294117647,
    "w22": 0.001838235294117647,
    "w72": 0.001838235294117647,
    "w246": 0.001838235294117647,
    "w123": 0.001838235294117647,
    "w188": 0.001838235294117647,
    "w348": 0.001838235294117647,
    "w89": 0.001838235294117647,
    "w62": 0.001838235294117647,
    "w165": 0.001838235294117647,
    "w220": 0.001838235294117647,
    "w241": 0.001838235294117647,
    "w84": 0.001838235294117647,
    "w558": 0.001838235294117647,
    "w7": 0.001838235294117647,
    "w104": 0.001838235294117647,
    "w281": 0.001838235294117647,
    "w202": 0.001838235294117647,
    "w27": 0.001838235294117647,
    "w33": 0.001838235294117647,
    "w158": 0.001838235294117647,
    "w142": 0.001838235294117647,
    "w392": 0.001838235294117647,
    "w344": 0.001838235294117647,
    "w192": 0.001838235294117647,
    "w46": 0.001838235294117647,
    "w110": 0.001838235294117647,
    "w206": 0.001838235294117647,
    "w519": 0.001838235294117647,
    "w520": 0.001838235294117647,
    "w133": 0.001838235294117647,
    "w341": 0.001838235294117647,
    "w187": 0.001838235294117647,
    "w215": 0.001838235294117647,
    "w186": 0.001838235294117647,
    "w183": 0.001838235294117647,
    "w208": 0.001838235294117647,
    "w153": 0.001838235294117647,
    "w85": 0.001838235294117647,
    "w288": 0.001838235294117647,
    "w269": 0.001838235294117647,
    "w169": 0.001838235294117647,
    "w352": 0.001838235294117647,
    "w82": 0.001838235294117647,
    "w115": 0.001838235294117647,
    "w86": 0.001838235294117647,
    "w524": 0.001838235294117647,
    "w151": 0.001838235294117647,
    "w312": 0.001838235294117647,
    "w63": 0.001838235294117647,
    "w687": 0.001838235294117647,
    "w309": 0.001838235294117647,
    "w15": 0.0,
    "w541": 0.0,
    "w255": 0.0,
    "w338": 0.0,
    "w633": 0.0,
    "w527": 0.0,
    "w515": 0.0,
    "w637": 0.0,
    "w291": 0.0,
    "w453": 0.0,
    "w136": 0.0,
    "w326": 0.0,
    "w423": 0.0,
    "w449": 0.0,
    "w433": 0.0,
    "w657": 0.0,
    "w144": 0.0,
    "w60": 0.0,
    "w332": 0.0,
    "w343": 0.0,
    "w388": 0.0,
    "w681": 0.0,
    "w131": 0.0,
    "w636": 0.0,
    "w635": 0.0,
    "w427": 0.0,
    "w297": 0.0,
    "w374": 0.0,
    "w303": 0.0,
    "w318": 0.0,
    "w402": 0.0,
    "w589": 0.0,
    "w311": 0.0,
    "w623": 0.0,
    "w458": 0.0,
    "w575": 0.0,
    "w24": 0.0,
    "w232": 0.0,
    "w414": 0.0,
    "w298": 0.0,
    "w330": 0.0,
    "w354": 0.0,
    "w331": 0.0,
    "w189": 0.0,
    "w607": 0.0,
    "w280": 0.0,
    "w377": 0.0,
    "w147": 0.0,
    "w484": 0.0,
    "w16": 0.0,
    "w35": 0.0,
    "w279": 0.0,
    "w162": 0.0,
    "w543": 0.0,
    "w403": 0.0,
    "w488": 0.0,
    "w101": 0.0,
    "w112": 0.0,
    "w167": 0.0,
    "w108": 0.0,
    "w562": 0.0,
    "w155": 0.0,
    "w306": 0.0,
    "w227": 0.0,
    "w444": 0.0,
    "w106": 0.0,
    "w122": 0.0,
    "w292": 0.0,
    "w356": 0.0,
    "w401": 0.0,
    "w476": 0.0,
    "w564": 0.0,
    "w218": 0.0,
    "w579": 0.0,
    "w44": 0.0,
    "w137": 0.0,
    "w405": 0.0,
    "w252": 0.0,
    "w290": 0.0,
    "w509": 0.0,
    "w340": 0.0,
    "w615": 0.0,
    "w507": 0.0,
    "w237": 0.0,
    "w11": 0.0,
    "w285": 0.0,
    "w196": 0.0,
    "w116": 0.0,
    "w248": 0.0,
    "w428": 0.0,
    "w565": 0.0,
    "w508": 0.0,
    "w320": 0.0,
    "w294": 0.0,
    "w373": 0.0,
    "w480": 0.0,
    "w244": 0.0,
    "w461": 0.0,
    "w282": 0.0,
    "w593": 0.0,
    "w407": 0.0,
    "w495": 0.0,
    "w258": 0.0,
    "w184": 0.0,
    "w342": 0.0,
    "w171": 0.0,
    "w224": 0.0,
    "w391": 0.0,
    "w487": 0.0,
    "w247": 0.0,
    "w300": 0.0,
    "w600": 0.0,
    "w226": 0.0,
    "w146": 0.0,
    "w132": 0.0,
    "w242": 0.0,
    "w238": 0.0,
    "w404": 0.0,
    "w611": 0.0,
    "w139": 0.0,
    "w272": 0.0,
    "w180": 0.0,
    "w194": 0.0,
    "w439": 0.0,