{
    "SDH2": 0.2275171366416287,
    "CYT1": 0.15814965316258262,
    "RIP1": 0.13032056807453926,
    "SDH1": 0.10323030825432007,
    "COR1": 0.09288675450478184,
    "SDH4": 0.0899314534334852,
    "MDH1": 0.08410294298731684,
    "YJL045W": 0.08262529245166851,
    "COX6": 0.08016254155892132,
    "COX1": 0.07338997660386652,
    "QCR2": 0.07277428888067972,
    "MDH3": 0.05208718138160325,
    "FUM1": 0.04687435865862168,
    "PCK1": 0.04108689406066576,
    "COX4": 0.039855518614292165,
    "MDH2": 0.038952509953618195,
    "CIT1": 0.037146492632270246,
    "COB": 0.03546361285555966,
    "SHY1": 0.0334934121413619,
    "LSC1": 0.03291877026638756,
    "KGD2": 0.03160530312358905,
    "QCR9": 0.030784386159339983,
    "QCR8": 0.03012765258794073,
    "NDI1": 0.0297171941058162,
    "QCR7": 0.029470919016541478,
    "CYC7": 0.025612609284570865,
    "IDH1": 0.025284242498871238,
    "BI4": 0.024996921561384066,
    "QCR6": 0.024873784016746708,
    "QCR10": 0.024381233838197267,
    "COX2": 0.0229446291507614,
    "SHH3": 0.017444485490292656,
    "COX10": 0.017198210401017936,
    "NDE1": 0.01645938513319378,
    "CYC1": 0.015351147231457538,
    "NDE2": 0.015022780445757911,
    "COX12": 0.014776505356483192,
    "COX13": 0.010220416204900874,
    "KGD1": 0.009727866026351435,
    "UGA2": 0.009358453392439355,
    "MSS51": 0.007347206830029143,
    "COX5A": 0.007183023437179329,
    "BCS1": 0.006731519106842343,
    "COX15": 0.00669047325862989,
    "COX11": 0.00669047325862989,
    "COX14": 0.0061158313836555435,
    "CYC3": 0.0045971349997947705,
    "CIT3": 0.004432951606944958,
    "CIT2": 0.0029553010712966383,
    "COX3": 0.0013955588392234126,
    "COX23": 0.001313467142798506,
    "COX8": 0.0011492837499486926,
    "OSM1": 0.0010261462053113327,
    "COX7": 0.0007388252678241596,
    "INH1": 0.0004515043303369864,
    "COX5B": 0.00028732093748717316,
    "BI3": 0.00016418339284981324,
    "MPC1": 0.00016418339284981324,
    "ACO2": 8.209169642490662e-05,
    "BI2": 8.209169642490662e-05,
    "MPC2": 8.209169642490662e-05,
    "PYC2": 4.104584821245331e-05,
    "PYC1": 4.104584821245331e-05,
    "CYT2": 4.104584821245331e-05,
    "MPC3": 4.104584821245331e-05,
    "SDH5": 0.0,
    "SHH4": 0.0,
    "FDH1": 0.0,
    "ERT1": 0.0,
    "YMR31": 0.0,
    "FMP41": 0.0,
    "FRD1": 0.0,
    "AI4": 0.0,
    "SCO1": 0.0,
    "COX26": 0.0,
    "RCF1": 0.0,
    "COA3": 0.0,
    "RCF2": 0.0,
    "AI1": 0.0,
    "AI5_ALPHA": 0.0,
    "COA1": 0.0,
    "AI3": 0.0,
    "COX16": 0.0,
    "MTC3": 0.0,
    "CTM1": 0.0,
    "CYC2": 0.0,
    "PET191": 0.0,
    "YPR010C-A": 0.0,
    "YGL188C": 0.0,
    "AGC1": 0.0
}