{
    "SKO1": 0.2808479854055924,
    "SLT2": 0.26125247696033715,
    "HOG1": 0.2275972698392728,
    "RPD3": 0.20838968745740677,
    "GCN5": 0.20776061816542427,
    "HTB2": 0.1285712787930257,
    "HSL7": 0.1090072238123696,
    "HDA1": 0.08955849820191028,
    "SNF2": 0.07589721007769006,
    "STE20": 0.06919762211807631,
    "RLM1": 0.06917665314167688,
    "LEO1": 0.06480462156239843,
    "HTZ1": 0.05744451084620304,
    "HHT1": 0.05639606202623219,
    "FUS3": 0.05525325281246396,
    "SWR1": 0.04711728996949014,
    "KDX1": 0.044443745478564466,
    "HTA1": 0.0443703540611665,
    "ACA1": 0.043374327682194194,
    "PAF1": 0.040449155474475515,
    "KSS1": 0.038960358150116906,
    "SET2": 0.037387684920160626,
    "HOS3": 0.03584646515480347,
    "SET1": 0.031925266568112474,
    "YAF9": 0.031463949087325305,
    "SHO1": 0.031327650740729095,
    "HHF2": 0.030499376172952116,
    "PBS2": 0.030100965621363194,
    "SNT1": 0.02904203231319263,
    "SNF5": 0.026504786168863165,
    "BDF1": 0.02563457364828736,
    "ISW1": 0.02335943970895061,
    "CHD1": 0.021314964510007445,
    "ISW2": 0.0186833579718806,
    "WSC2": 0.015779154740561338,
    "PTC3": 0.015212992377777079,
    "PTC2": 0.015212992377777079,
    "IES1": 0.014038729699409723,
    "VPS71": 0.01362983465962109,
    "NHP10": 0.01355644324222313,
    "STE7": 0.013262877572631292,
    "ASF1": 0.012979796391239161,
    "STE4": 0.01248702544585286,
    "SMP1": 0.011732142295473846,
    "STE11": 0.011228886861887838,
    "SIN3": 0.010945805680495706,
    "RLF2": 0.010232860482915527,
    "HAT2": 0.009865903395925728,
    "ARP8": 0.009844934419526311,
    "BRE1": 0.0093416789859403,
    "HOS2": 0.008597280323760996,
    "SSK1": 0.00785288166158169,
    "CTF19": 0.007360110716195389,
    "PTP3": 0.006898793235408213,
    "MSI1": 0.006510867172018998,
    "IML3": 0.006007611738432989,
    "MCM21": 0.006007611738432989,
    "MCM16": 0.006007611738432989,
    "CTF3": 0.006007611738432989,
    "NKP1": 0.005787437486239109,
    "CHL4": 0.005787437486239109,
    "NKP2": 0.005787437486239109,
    "HOS1": 0.0056406546514431895,
    "SAS3": 0.005074492288658929,
    "JHD2": 0.004801895595466507,
    "SWD3": 0.004770442130867382,
    "RFX1": 0.004686566225269713,
    "SAS2": 0.004581721343272628,
    "EAF3": 0.004413969532077291,
    "SSK2": 0.004372031579278458,
    "SIF2": 0.004372031579278458,
    "MSG5": 0.0042671866972813725,
    "SSK22": 0.003921198586690991,
    "VPS72": 0.003774415751895071,
    "MKK1": 0.0035856949643003175,
    "HAT1": 0.00342842764130469,
    "DOT1": 0.003417943153104981,
    "RPH1": 0.003292129294708479,
    "BCK1": 0.0031872844127113936,
    "RTT106": 0.0031767999245116848,
    "CDC73": 0.003082439530714308,
    "PTC1": 0.0029880791369169316,
    "STE5": 0.002935656695918389,
    "OPY2": 0.00292517220771868,
    "PHO23": 0.002841296302121012,
    "IES3": 0.0027574203965233437,
    "SET3": 0.002631606538126841,
    "SMK1": 0.0025582151207288817,
    "STE50": 0.002348525356734711,
    "CTI6": 0.0022541649629373344,
    "IES5": 0.002233195986537917,
    "IES2": 0.002233195986537917,
    "IES4": 0.002233195986537917,
    "MKK2": 0.0022122270101385,
    "ECM5": 0.0020654441753425808,
    "RTF1": 0.002013021734344038,
    "ITC1": 0.002013021734344038,
    "SPT10": 0.0019815682697449126,
    "SPT7": 0.0019501148051457868,
    "DPB4": 0.0018976923641472441,
    "RTT109": 0.0017718785057507418,
    "JHD1": 0.0016984870883527822,
    "YNG2": 0.0016565491355539478,
    "SWI3": 0.0016146111827551137,
    "ARP6": 0.0015097663007580286,
    "HIR2": 0.0012266851193658982,
    "RCK2": 0.0010903867727696873,
    "LGE1": 0.0010799022845699787,
    "FPS1": 0.00106941779637027,
    "RCO1": 0.00106941779637027,
    "FUS1": 0.0010379643317711446,
    "HIR1": 0.0010379643317711446,
    "PTP2": 0.0009016659851749337,
    "IOC3": 0.0009016659851749337,
    "BRE2": 0.0008597280323760996,
    "SPT2": 0.0008492435441763911,
    "SNF12": 0.0007863366149781398,
    "EAF7": 0.0007548831503790143,
    "SAS4": 0.0007443986621793057,
    "SAS5": 0.000691976221180763,
    "SDP1": 0.000534708898185135,
    "UBP8": 0.000534708898185135,
    "STL1": 0.00046131748078717536,
    "SWC3": 0.00037744157518950714,
    "SWC5": 0.00037744157518950714,
    "SWC7": 0.00037744157518950714,
    "EAF6": 0.0003459881105903815,
    "SAP30": 0.0003145346459912559,
    "MID2": 0.0003040501577915474,
    "SDS3": 0.00029356566959183887,
    "HIR3": 0.00029356566959183887,
    "SLG1": 0.0002725966931924218,
    "MTL1": 0.0002725966931924218,
    "NGG1": 0.0002621122049927133,
    "SPT8": 0.0002621122049927133,
    "DEP1": 0.00025162771679300476,
    "IOC4": 0.00020968976399417063,
    "HST3": 0.0001992052757944621,
    "RXT2": 0.00017823629939504504,
    "PTP1": 0.0001677518111953365,
    "UME1": 0.0001677518111953365,
    "CAC2": 0.00015726732299562796,
    "ASK10": 0.00014678283479591944,
    "CTR9": 0.00014678283479591944,
    "PTC7": 0.00012581385839650238,
    "HOT1": 0.00011532937019679384,
    "SGF73": 0.00010484488199708531,
    "SGF11": 9.436039379737679e-05,
    "ASH1": 8.387590559766824e-05,
    "UME6": 8.387590559766824e-05,
    "RXT3": 8.387590559766824e-05,
    "SUS1": 8.387590559766824e-05,
    "SNT2": 8.387590559766824e-05,
    "HOS4": 7.339141739795972e-05,
    "CHZ1": 1.048448819970853e-05,
    "MSB2": 0.0,
    "STE18": 0.0,
    "SST2": 0.0,
    "FUS2": 0.0,
    "NBP2": 0.0,
    "DIG1": 0.0,
    "DIG2": 0.0,
    "PAA1": 0.0,
    "ROM1": 0.0,
    "WSC3": 0.0,
    "AHK1": 0.0,
    "RCK1": 0.0,
    "YGL108C": 0.0,
    "RGC1": 0.0,
    "STB1": 0.0,
    "TOS4": 0.0,
    "TOD6": 0.0,
    "DOT6": 0.0,
    "STB2": 0.0,
    "CNN1": 0.0,
    "SWD1": 0.0,
    "SDC1": 0.0,
    "SPP1": 0.0,
    "HIF1": 0.0,
    "HHO1": 0.0,
    "UBP10": 0.0,
    "HPC2": 0.0,
    "DLS1": 0.0,
    "YNG1": 0.0,
    "YTA7": 0.0,
    "GIS1": 0.0,
    "RTG2": 0.0,
    "BDF2": 0.0,
    "SET5": 0.0,
    "SIR1": 0.0,
    "ADA2": 0.0,
    "SGF29": 0.0,
    "YBP2": 0.0,
    "EAF1": 0.0,
    "SPT3": 0.0,
    "SPT20": 0.0,
    "HFI1": 0.0,
    "AHC1": 0.0,
    "SET4": 0.0,
    "RAD61": 0.0,
    "YPL216W": 0.0,
    "IOC2": 0.0,
    "YFR016C": 0.0,
    "SNF11": 0.0,
    "SNF6": 0.0,
    "SWP82": 0.0,
    "AHC2": 0.0,
    "EAF5": 0.0,
    "HCS1": 0.0,
    "SET6": 0.0,
    "HDA2": 0.0,
    "HDA3": 0.0,
    "YHR177W": 0.0
}