{
    "GCV1": 0.25022583559168926,
    "LPD1": 0.1878952122854562,
    "GCV3": 0.17615176151761516,
    "AAT1": 0.15176151761517614,
    "SHM2": 0.13821138211382114,
    "SHM1": 0.13098464317976513,
    "GDH3": 0.12737127371273713,
    "GDH2": 0.12737127371273713,
    "GDH1": 0.12737127371273713,
    "GCV2": 0.10298102981029811,
    "GLT1": 0.07678410117434507,
    "MET12": 0.032520325203252036,
    "IDH2": 0.024390243902439025,
    "MTD1": 0.01987353206865402,
    "MET13": 0.017163504968383016,
    "ADE3": 0.01084010840108401,
    "MIS1": 0.01084010840108401,
    "ADE8": 0.0036133694670280035,
    "AIM22": 0.0,
    "FAU1": 0.0,
    "SER1": 0.0,
    "ADE5,7": 0.0,
    "FMT1": 0.0,
    "RMA1": 0.0,
    "MET7": 0.0,
    "ALT2": 0.0,
    "IDP3": 0.0,
    "IDP1": 0.0,
    "ALT1": 0.0,
    "NIT3": 0.0
}