{
    "PTC1": 0.45525291828793774,
    "SDP1": 0.23605706874189364,
    "HOG1": 0.1543450064850843,
    "SLT2": 0.13618677042801555,
    "PTC2": 0.09987029831387809,
    "PTP1": 0.0959792477302205,
    "FUS3": 0.08430609597924774,
    "PTC3": 0.08041504539559015,
    "PBS2": 0.07782101167315175,
    "KSS1": 0.06744487678339818,
    "STE11": 0.04669260700389105,
    "MKK1": 0.04669260700389105,
    "KDX1": 0.038910505836575876,
    "SHO1": 0.03631647211413749,
    "PTP3": 0.0324254215304799,
    "STE5": 0.023346303501945526,
    "PTP2": 0.023346303501945526,
    "SSK1": 0.023346303501945526,
    "BCK1": 0.023346303501945526,
    "WSC2": 0.02204928664072633,
    "RLM1": 0.020752269779507133,
    "PTC7": 0.020752269779507133,
    "SSK2": 0.020752269779507133,
    "MSG5": 0.01556420233463035,
    "PTC6": 0.005188067444876783,
    "NBP2": 0.005188067444876783,
    "PTC5": 0.0012970168612191958,
    "MID2": 0.0,
    "SLG1": 0.0,
    "STE20": 0.0,
    "MSB2": 0.0,
    "STE18": 0.0,
    "STE4": 0.0,
    "SST2": 0.0,
    "STE7": 0.0,
    "FUS2": 0.0,
    "ACA1": 0.0,
    "SKO1": 0.0,
    "STE50": 0.0,
    "DIG1": 0.0,
    "DIG2": 0.0,
    "FUS1": 0.0,
    "MKK2": 0.0,
    "PAA1": 0.0,
    "MTL1": 0.0,
    "ROM1": 0.0,
    "WSC3": 0.0,
    "SMP1": 0.0,
    "SMK1": 0.0,
    "RCK2": 0.0,
    "HOT1": 0.0,
    "SSK22": 0.0,
    "OPY2": 0.0,
    "FPS1": 0.0,
    "AHK1": 0.0,
    "STL1": 0.0,
    "RCK1": 0.0,
    "YGL108C": 0.0,
    "ASK10": 0.0,
    "RGC1": 0.0
}