{
    "GAD1": 0.3456360412425297,
    "UGA2": 0.29730084717935246,
    "MCR1": 0.2710973927891246,
    "GLK1": 0.2582911932751034,
    "CIT1": 0.24410586458264924,
    "SDH2": 0.18243908846128587,
    "PIC2": 0.14907729690681026,
    "LSC1": 0.13088592631509818,
    "SDH1": 0.09864057266697314,
    "PGM2": 0.07631181453996191,
    "STF2": 0.0639653247520851,
    "GLC3": 0.056347277861693044,
    "RTC3": 0.05207854469035266,
    "PNC1": 0.04643068234057923,
    "GSY1": 0.04439482498193997,
    "OM45": 0.04406646089183687,
    "KGD1": 0.04281867734944506,
    "GSY2": 0.04163656662507388,
    "FUM1": 0.035069284823011755,
    "GPH1": 0.033427464372496225,
    "MDH2": 0.031785643921980695,
    "PCK1": 0.030800551651671372,
    "GDB1": 0.02692585538845472,
    "TSL1": 0.026860182570434096,
    "MDH1": 0.025349707755959808,
    "IDH1": 0.024955670847836082,
    "MDH3": 0.022066066854928745,
    "TFS1": 0.02186904840086688,
    "SDH4": 0.019504826952124514,
    "TPS1": 0.019504826952124514,
    "SOL4": 0.017534642411505878,
    "TPS2": 0.01503907532672227,
    "KGD2": 0.014973402508701649,
    "RGI1": 0.014907729690681028,
    "PYC2": 0.014645038418598542,
    "PYC1": 0.014645038418598542,
    "DCS2": 0.013265909240165496,
    "RTN2": 0.013134563604124253,
    "NTH1": 0.012543508241938662,
    "YJL045W": 0.011821107243711828,
    "GOR1": 0.011821107243711828,
    "IGD1": 0.0073553556183095815,
    "SHH3": 0.005319498259670322,
    "SHH4": 0.005319498259670322,
    "HXK1": 0.005253825441649701,
    "NNR2": 0.0049911341695672165,
    "DDR2": 0.004794115715505353,
    "NTH2": 0.00466277007946411,
    "GCY1": 0.004465751625402246,
    "YLR345W": 0.004268733171340382,
    "AIM17": 0.0036120049911341694,
    "PGM1": 0.003414986537072306,
    "CIT3": 0.003283640901031063,
    "CIT2": 0.0028896039929073355,
    "USV1": 0.001707493268536153,
    "YHL012W": 0.0015761476324949104,
    "NNR1": 0.0009194194522886977,
    "GRE3": 0.0006567281802062127,
    "SPI1": 0.0005910553621855914,
    "ATH1": 0.0005253825441649702,
    "HOR7": 0.0003940369081237276,
    "ACO2": 6.567281802062127e-05,
    "SDH5": 0.0,
    "FDH1": 0.0,
    "ERT1": 0.0,
    "YMR31": 0.0,
    "FMP41": 0.0,
    "FRD1": 0.0,
    "OSM1": 0.0,
    "UIP4": 0.0,
    "HXK2": 0.0,
    "BDH2": 0.0,
    "XBP1": 0.0,
    "GPG1": 0.0,
    "YMR090W": 0.0,
    "HSP12": 0.0,
    "YBR056W": 0.0,
    "EMI2": 0.0,
    "TPS3": 0.0,
    "YLR446W": 0.0,
    "YGP1": 0.0,
    "RNY1": 0.0,
    "TMA10": 0.0,
    "PRM15": 0.0,
    "YKL091C": 0.0,
    "YJR096W": 0.0,
    "YMR196W": 0.0,
    "YPL247C": 0.0,
    "TMA17": 0.0,
    "EGO4": 0.0,
    "STF1": 0.0,
    "DCS1": 0.0,
    "YLR177W": 0.0,
    "GLG1": 0.0,
    "SYM1": 0.0,
    "YLR252W": 0.0,
    "GLG2": 0.0,
    "MHO1": 0.0,
    "YER067C-A": 0.0,
    "FMP48": 0.0
}