{
    "KGD1": 0.07425113465086441,
    "IDH1": 0.07425113465086441,
    "CIT1": 0.06735148115143733,
    "MDH1": 0.0607282241621391,
    "IDP3": 0.03599377061315752,
    "TOM70": 0.024139060899863948,
    "PAM16": 0.014204673797572745,
    "PAM18": 0.01291699785527256,
    "RPN7": 0.011664379064339694,
    "POR1": 0.009019537224909073,
    "MDJ2": 0.006413158488209708,
    "RPS1A": 0.0030501559587153043,
    "RPS30A": 0.0029666159653229693,
    "RPL31B": 0.002897936215459114,
    "EFB1": 0.0027845351604071037,
    "DIM1": 0.0024557579321440523,
    "SOF1": 0.0024252382207467726,
    "IMP3": 0.0021201878678363912,
    "TEF4": 0.001848422255509928,
    "IPI1": 0.0017573506291606819,
    "EFG1": 0.0005242596395727573,
    "DER1": 0.0003734890148529312,
    "UBC7": 0.0003660496408470736,
    "UBX7": 0.0002769819680581152,
    "YIL029C": 9.816360088012189e-06
}