{
    "PUF3": 0.3373250586929223,
    "LAT1": 0.2645731341110525,
    "PDB1": 0.15644166196516643,
    "YMR31": 0.15262889693704842,
    "MRPS5": 0.15231040821154931,
    "TUF1": 0.14463028008808487,
    "LSC1": 0.133037290479917,
    "MRPL11": 0.11432835277631172,
    "BCS1": 0.08736600724334359,
    "RSM26": 0.08532767940014924,
    "MRPL7": 0.08365333867181102,
    "IDH2": 0.08337124865779752,
    "GUF1": 0.06329735927348172,
    "FUM1": 0.054971154021147654,
    "KGD2": 0.0494021511638488,
    "MRP7": 0.04880157242433618,
    "IDH1": 0.04753671720021111,
    "MRPL17": 0.044042440897592225,
    "CIT1": 0.03680819698982656,
    "ACO1": 0.03112999799807087,
    "AIM11": 0.031011702185742625,
    "YBL059W": 0.030793309916828944,
    "PET309": 0.02627986969261288,
    "MEF1": 0.02510601124720185,
    "COX17": 0.023449869874606438,
    "KGD1": 0.023003985658907676,
    "MDH1": 0.021711831401168398,
    "COX19": 0.020992956849327536,
    "MRPL4": 0.019527908712031593,
    "PCK1": 0.017680674104136714,
    "MRPL9": 0.016979998908038654,
    "MDH3": 0.016506815658725683,
    "PYC1": 0.0162793237119406,
    "PYC2": 0.016161027899612355,
    "FMP10": 0.015451253025642892,
    "PET123": 0.015251060112472018,
    "MLS1": 0.014750577829544835,
    "RSM18": 0.013858809398147305,
    "MRP10": 0.013695015196462046,
    "MRPS16": 0.01240286093872277,
    "MRPL39": 0.012248166414908912,
    "SHY1": 0.012148069958323475,
    "MRP17": 0.01110160700311209,
    "MRPL10": 0.011001510546526653,
    "RSM28": 0.01099241086865525,
    "MRPL36": 0.010364533095528419,
    "COA4": 0.010319034706171402,
    "RSM23": 0.010309935028299999,
    "GEP7": 0.010300835350428595,
    "RSM7": 0.010009645658543688,
    "MRPL27": 0.00980035306750141,
    "MRPS17": 0.009782153711758603,
    "MRS1": 0.00960925983220194,
    "MRPL32": 0.00960925983220194,
    "RTC6": 0.009463664986259486,
    "RSM22": 0.009354468851802647,
    "RSM19": 0.009299870784574227,
    "MRPS12": 0.009054179482046336,
    "MAE1": 0.008508198809762134,
    "MRPL24": 0.008399002675305293,
    "MDH2": 0.008262507507234245,
    "MRP20": 0.008189710084263018,
    "IMG2": 0.00806231459406337,
    "VAR1": 0.00800771652683495,
    "CMC2": 0.007889420714506707,
    "MIX14": 0.007889420714506707,
    "MRPL8": 0.007853022003021093,
    "MRPS9": 0.007798423935792673,
    "MRPL23": 0.007716526834950043,
    "RML2": 0.007525433599650572,
    "MRH4": 0.007261542941379875,
    "CIT2": 0.006751960980581288,
    "PET54": 0.006742861302709884,
    "CIT3": 0.006670063879738657,
    "ICL1": 0.00640617322146796,
    "LPD1": 0.006278777731268313,
    "MNE1": 0.005323311554770961,
    "MRPS28": 0.005177716708828508,
    "SRO9": 0.005132218319471491,
    "MRPL19": 0.004786430560358163,
    "MRP2": 0.00458623764718729,
    "MRPS8": 0.004422443445502029,
    "MRP4": 0.004386044734016416,
    "EHD3": 0.004295047955302382,
    "CBP3": 0.004140353431488526,
    "MTG2": 0.003849163739603618,
    "YNL122C": 0.0037308679272753747,
    "MRPL40": 0.0037308679272753747,
    "RSM24": 0.0037308679272753747,
    "MRP21": 0.003612572114947131,
    "RSM25": 0.003612572114947131,
    "MRP1": 0.003567073725590114,
    "IMG1": 0.003567073725590114,
    "MRPS35": 0.003494276302618887,
    "MRP13": 0.0034396782353904674,
    "MRP51": 0.0034396782353904674,
    "CMC1": 0.00312118950989135,
    "MZM1": 0.0027754017507780225,
    "QRI5": 0.002711704005678199,
    "PET127": 0.0026298069048355686,
    "CBP4": 0.0025479098039929387,
    "PET191": 0.002529710448250132,
    "RSM27": 0.0025206107703787286,
    "RMD9": 0.0022294210784938213,
    "IFM1": 0.0021839226891368045,
    "MRPL13": 0.0017289387955666368,
    "MRPL50": 0.0017289387955666368,
    "OMS1": 0.0014104500700675197,
    "ATP12": 0.0011556590896682258,
    "MRPL38": 0.0010737619888255955,
    "PTH4": 0.0009645658543687553,
    "MRPL16": 0.000800771652683495,
    "MRPL28": 0.0007916719748120917,
    "IDP2": 0.0007825722969406883,
    "MRPL22": 0.0007643729411978816,
    "IDP3": 0.0007097748739694615,
    "SWS2": 0.0006824758403552514,
    "MRPL1": 0.000673376162483848,
    "MRPL6": 0.0006551768067410414,
    "MRM1": 0.0004731832493129743,
    "IDP1": 0.00037308679272753743,
    "ACS1": 0.0003275884033705207,
    "PDA1": 0.0002911896918849073,
    "MSS51": 0.0002911896918849073,
    "SCO1": 0.0002547909803992939,
    "YGR161W-C": 0.0002547909803992939,
    "ACH1": 0.00021839226891368045,
    "YGR021W": 0.00021839226891368045,
    "ATP11": 0.00020019291317087374,
    "CLU1": 0.0001910932352994704,
    "RRF1": 0.0001728938795566637,
    "CBS2": 0.00014559484594245365,
    "PET111": 0.00014559484594245365,
    "PET122": 0.00012739549019964694,
    "UGA2": 0.00010919613445684022,
    "GEP3": 0.00010919613445684022,
    "MDM38": 9.099677871403352e-05,
    "SDH7": 9.099677871403352e-05,
    "MPM1": 9.099677871403352e-05,
    "ACO2": 7.279742297122682e-05,
    "ATP22": 6.369774509982347e-05,
    "AEP3": 5.459806722842011e-05,
    "PET494": 4.549838935701676e-05,
    "AI5_BETA": 3.639871148561341e-05,
    "SUV3": 3.639871148561341e-05,
    "MRPL3": 3.639871148561341e-05,
    "MSC6": 3.639871148561341e-05,
    "COA1": 2.7299033614210056e-05,
    "MRPL51": 2.7299033614210056e-05,
    "MRPL44": 2.7299033614210056e-05,
    "YOR020W-A": 1.8199355742806706e-05,
    "MRPL37": 1.8199355742806706e-05,
    "AIM18": 1.8199355742806706e-05,
    "PDX1": 9.099677871403353e-06,
    "COX14": 9.099677871403353e-06,
    "FDH1": 0.0,
    "ICL2": 0.0,
    "MSS18": 0.0,
    "MHR1": 0.0,
    "CBP6": 0.0,
    "MRPL35": 0.0,
    "MRPL20": 0.0,
    "MRPL31": 0.0,
    "YJR115W": 0.0,
    "MRPL15": 0.0,
    "MRX14": 0.0,
    "FYV4": 0.0,
    "MRPL33": 0.0,
    "MRPL49": 0.0,
    "MRPL25": 0.0,
    "COA6": 0.0,
    "MRF1": 0.0,
    "VTS1": 0.0,
    "MRM2": 0.0,
    "LSM12": 0.0,
    "PUB1": 0.0,
    "YLR179C": 0.0,
    "RCF3": 0.0,
    "CCS1": 0.0,
    "MIX17": 0.0,
    "YIL077C": 0.0,
    "YKL133C": 0.0,
    "YBR230W-A": 0.0,
    "COA2": 0.0,
    "SBP1": 0.0,
    "PET117": 0.0,
    "YPR078C": 0.0,
    "MRP49": 0.0,
    "YNR040W": 0.0,
    "YDR381C-A": 0.0,
    "YDR286C": 0.0,
    "PBP4": 0.0,
    "BRE5": 0.0,
    "MDL2": 0.0,
    "FMP25": 0.0,
    "FMC1": 0.0,
    "AIM36": 0.0,
    "MRX1": 0.0,
    "YLL032C": 0.0,
    "COS6": 0.0,
    "YLF2": 0.0,
    "NCE101": 0.0,
    "CUB1": 0.0,
    "ECM19": 0.0
}