{
    "ATP1": 0.3179279210345091,
    "ARG5,6": 0.14855765552069783,
    "LYS12": 0.12048550003825848,
    "TRP5": 0.11486150432320759,
    "TRP3": 0.10815670671053638,
    "ATP2": 0.10076325656132834,
    "ARG4": 0.08452253424133445,
    "CYC1": 0.08250439972453899,
    "ARG8": 0.08204529803351443,
    "COR1": 0.0779420766699824,
    "SDH2": 0.07474749406993648,
    "HIS4": 0.0569477389241717,
    "VMA2": 0.043681612977274464,
    "SHM1": 0.04347119136888821,
    "GCV2": 0.04247647103833499,
    "ILV1": 0.038736705180197416,
    "QCR2": 0.03860280052031525,
    "SHM2": 0.030912847195653837,
    "SDH1": 0.03081720101002372,
    "COX2": 0.027536536842910703,
    "CYT1": 0.027240033667457343,
    "QCR7": 0.026465299563853392,
    "ORT1": 0.02615923176983702,
    "ATP6": 0.026063585584206902,
    "COX4": 0.025432320759048128,
    "OLI1": 0.024303695768612747,
    "COB": 0.022457724385951488,
    "ATP4": 0.022065575024868007,
    "SER1": 0.02157777947815441,
    "MTD1": 0.021539521003902364,
    "YJL045W": 0.02139605172545719,
    "COX6": 0.020793480755987453,
    "VMA16": 0.0205065421990971,
    "ARO8": 0.018851863187696074,
    "VMA1": 0.015733797536154257,
    "CAR2": 0.015265131226566685,
    "SDH4": 0.015102532710995485,
    "ARG1": 0.01350524141097253,
    "HIS5": 0.012960058152880862,
    "ATP5": 0.012223582523528962,
    "COX12": 0.012003596296579693,
    "HIS6": 0.011860127018134516,
    "RIP1": 0.01182186854388247,
    "ATP20": 0.011544494605555131,
    "ATP7": 0.011458413038488026,
    "VOA1": 0.01120973295584972,
    "COX5A": 0.010501951182186855,
    "COX3": 0.010454128089371796,
    "QCR6": 0.010434998852245773,
    "ARG2": 0.010406304996556738,
    "ATP17": 0.010281964955237585,
    "ARO3": 0.010014155635473258,
    "ADE6": 0.009928074068406153,
    "QCR9": 0.00884727217078583,
    "COX8": 0.008837707552222818,
    "QCR8": 0.008799449077970771,
    "ATP19": 0.008751625985155711,
    "LEU4": 0.00801515035580381,
    "ARO7": 0.007747341036039483,
    "COX7": 0.007498660953401178,
    "SHH3": 0.007240416252199862,
    "ARO2": 0.007106511592317699,
    "HIS1": 0.007068253118065652,
    "VMA6": 0.006379600581528809,
    "AIM45": 0.0061500497360165276,
    "VMA11": 0.006083097406075446,
    "VMA3": 0.006083097406075446,
    "COX5B": 0.006016145076134364,
    "VPH1": 0.005930063509067258,
    "VMA5": 0.005930063509067258,
    "VMA8": 0.005930063509067258,
    "VMA13": 0.005901369653378223,
    "STV1": 0.005901369653378223,
    "COX1": 0.0058822404162522,
    "HOM3": 0.005853546560563165,
    "ARO1": 0.005805723467748106,
    "BAT2": 0.005738771137807025,
    "PHA2": 0.005690948044991965,
    "ATP3": 0.005518784910857755,
    "AI5_ALPHA": 0.005250975591093427,
    "HIS7": 0.005145764786900298,
    "BI4": 0.00509794169408524,
    "HOM2": 0.005021424745581146,
    "LEU9": 0.004887520085698982,
    "ATP14": 0.0048205677557579,
    "ILV6": 0.004772744662942842,
    "CHA1": 0.004686663095875737,
    "NDI1": 0.004600581528808631,
    "NDE1": 0.004246690641977198,
    "COX13": 0.0038354120437676946,
    "PRO2": 0.0036058611982554135,
    "SPE1": 0.00352934424975132,
    "VMA21": 0.0033763103527431324,
    "ATP15": 0.0032424056928609685,
    "CPA1": 0.0030893717958527813,
    "ARG7": 0.0030798071772897696,
    "HOM6": 0.003012854847348688,
    "AI4": 0.0029841609916596524,
    "AI3": 0.0029459025174076057,
    "TYR1": 0.0028980794245925473,
    "ARO4": 0.00280243323896243,
    "TRP4": 0.002706787053332313,
    "FMP41": 0.0026972224347693013,
    "CYC7": 0.0024294131150049735,
    "ADE5,7": 0.002199862269492693,
    "VMA7": 0.002199862269492693,
    "QCR10": 0.0021616037952406457,
    "VMA4": 0.002152039176677634,
    "LYS1": 0.0018459713826612595,
    "ARG3": 0.0018172775269722243,
    "ARO10": 0.0018172775269722243,
    "VMA10": 0.0017885836712831892,
    "ATP18": 0.001759889815594154,
    "MET6": 0.001692937485653072,
    "LEU1": 0.001692937485653072,
    "INH1": 0.0015112097329558498,
    "TIM11": 0.0014920804958298262,
    "THR1": 0.001339046598821639,
    "TRP2": 0.0010521080419312878,
    "CPA2": 0.0010234141862422526,
    "ILV2": 0.001013849567679241,
    "BAT1": 0.0009947203305532175,
    "GCV1": 0.000946897237738159,
    "ADE1": 0.0009373326191751473,
    "VMA9": 0.0008990741449231005,
    "THR4": 0.000879944907797077,
    "NDE2": 0.0008703802892340653,
    "VMA22": 0.0008608156706710536,
    "MET13": 0.0008416864335450302,
    "MET12": 0.0005738771137807024,
    "ADE8": 0.000554747876654679,
    "ADE3": 0.0004973601652766088,
    "COX11": 0.00044953707246155023,
    "LYS5": 0.0004112785982095034,
    "POR1": 0.0004112785982095034,
    "YPR010C-A": 0.0004017139796464917,
    "ARO9": 0.0003634555053944449,
    "COX10": 0.00034432626826842147,
    "SER2": 0.00032519703114239806,
    "FAU1": 0.0003060677940163746,
    "MIS1": 0.0002582447012013161,
    "MIR1": 0.00023911546407529268,
    "GCV3": 0.00022955084551228098,
    "LYS20": 0.00022955084551228098,
    "LYS21": 0.00022955084551228098,
    "ASN1": 0.00021042160838625755,
    "LYS9": 0.00021042160838625755,
    "BI3": 0.00021042160838625755,
    "AI1": 0.00020085698982324584,
    "ASN2": 0.0001434692784451756,
    "YPR170W-B": 0.0001434692784451756,
    "HIS2": 0.0001339046598821639,
    "ATP8": 0.0001243400413191522,
    "POR2": 0.0001243400413191522,
    "MET7": 8.608156706710537e-05,
    "SPE3": 8.608156706710537e-05,
    "ECM31": 5.7387711378070245e-05,
    "ARG80": 5.7387711378070245e-05,
    "YLR294C": 5.7387711378070245e-05,
    "INM2": 2.8693855689035123e-05,
    "AAC3": 1.9129237126023413e-05,
    "ABZ1": 9.564618563011706e-06,
    "ABZ2": 9.564618563011706e-06,
    "LYS14": 0.0,
    "ARG81": 0.0,
    "YCL023C": 0.0,
    "INM1": 0.0,
    "PRO1": 0.0,
    "YDL186W": 0.0,
    "ASP1": 0.0,
    "ARO80": 0.0,
    "COX26": 0.0,
    "RCF2": 0.0,
    "AI2": 0.0,
    "PPA2": 0.0,
    "COX16": 0.0,
    "CYC2": 0.0,
    "RAV1": 0.0,
    "FRD1": 0.0,
    "MPC1": 0.0,
    "VPH2": 0.0,
    "YGL188C": 0.0
}