{
    "GAD1": 0.2566741534699912,
    "TRP3": 0.1576398563291919,
    "NQM1": 0.10127086117192165,
    "ARG5,6": 0.10010519432519262,
    "GLC3": 0.09997251679792266,
    "ARO1": 0.07934116130744226,
    "TKL1": 0.06811095632066264,
    "ARG1": 0.05823595750528341,
    "GPH1": 0.04794397217562714,
    "PGM2": 0.04707209128213876,
    "PYK2": 0.043954169391294456,
    "ARG3": 0.04372672220168879,
    "TKL2": 0.04332868961987888,
    "TDH3": 0.041935575583544195,
    "ARO2": 0.041698651427704965,
    "ALD3": 0.039528426160217595,
    "GCV2": 0.03587979416029341,
    "TAL1": 0.034894189672002196,
    "GCV1": 0.031387712165581554,
    "TRP5": 0.02678190657606687,
    "ARO8": 0.02638387399425696,
    "YMR090W": 0.02636492006178982,
    "RPE1": 0.026241719500753418,
    "TFS1": 0.024649589173513776,
    "YLR345W": 0.023682938617689706,
    "ARO10": 0.023626076820288288,
    "EMI2": 0.02350287625925189,
    "SOL4": 0.022308778513822156,
    "ENO1": 0.022043423459282216,
    "ASN1": 0.020963049308655314,
    "PRO2": 0.020650309422947526,
    "HIS4": 0.020100645381400505,
    "SER1": 0.019617320103488472,
    "GLK1": 0.01949411954245207,
    "STF2": 0.019304580217780684,
    "HIS6": 0.018148390337285228,
    "MET6": 0.018091528539883814,
    "HIS1": 0.01757977236327107,
    "LYS9": 0.01757977236327107,
    "ARO7": 0.017115401017826173,
    "GCV3": 0.01672684540224983,
    "DCS2": 0.015276869568513728,
    "LEU4": 0.014755636425667415,
    "OM45": 0.01413963362048541,
    "PRS2": 0.013836370701011192,
    "HIS5": 0.013751078004909068,
    "SHM2": 0.012955012841289247,
    "FMP16": 0.01249064149584435,
    "ILV1": 0.012471687563377212,
    "GRE3": 0.011760915095859513,
    "TDH1": 0.011514513973786712,
    "LEU9": 0.01100275779717397,
    "CHA1": 0.010746879708867597,
    "GDB1": 0.01070897184393332,
    "XKS1": 0.010453093755626948,
    "GND2": 0.01016878476861987,
    "RBK1": 0.009837090950444943,
    "DDR2": 0.009799183085510666,
    "LYS20": 0.009401150503700755,
    "BAT1": 0.00918318028032866,
    "GPG1": 0.008633516238781641,
    "TDH2": 0.008425022981643117,
    "CTT1": 0.008244960623205299,
    "PRS4": 0.008178621859570315,
    "PRS3": 0.008178621859570315,
    "PRS5": 0.008178621859570315,
    "ADH1": 0.008169144893336745,
    "LEU1": 0.007884835906329666,
    "GSY2": 0.007799543210227542,
    "YBR053C": 0.007761635345293265,
    "MTD1": 0.007344648831016215,
    "YJR096W": 0.0070224319790748585,
    "RTN2": 0.006842369620637042,
    "BAT2": 0.006681261194666364,
    "ASN2": 0.006577014566097101,
    "ARO4": 0.006501198836228546,
    "RGI1": 0.006377998275192145,
    "RTC3": 0.006235843781688606,
    "ILV6": 0.006103166254418636,
    "PFK1": 0.006103166254418636,
    "NNR1": 0.006055781423250789,
    "PNC1": 0.005961011760915096,
    "UIP4": 0.00591362692974725,
    "PRS1": 0.005885196031046542,
    "GRE1": 0.005544025246638046,
    "TMA10": 0.0054303016518352145,
    "NNR2": 0.005316578057032383,
    "SPI1": 0.005231285360930259,
    "SPE1": 0.004624759521981823,
    "GPM2": 0.004615282555748254,
    "HOM2": 0.004605805589514685,
    "ARG4": 0.004596328623281115,
    "ILV2": 0.00424568087263905,
    "TSL1": 0.004150911210303357,
    "LYS12": 0.004141434244069788,
    "HSP42": 0.004075095480434803,
    "YHR138C": 0.003999279750566249,
    "PAI3": 0.003459092675252798,
    "SER2": 0.00343066177655209,
    "ASP1": 0.003335892114216397,
    "RNY1": 0.003279030316814981,
    "THR4": 0.003051583127209318,
    "STF1": 0.003032629194742179,
    "HOM3": 0.0027672741402022384,
    "PRO1": 0.002729366275267961,
    "GOR1": 0.0027104123428008226,
    "PGM1": 0.002653550545399407,
    "LYS1": 0.0026156426804651296,
    "TPS1": 0.0026061657142315603,
    "HSP26": 0.0025493039168301445,
    "SHM1": 0.0025019190856622976,
    "PHO13": 0.002445057288260882,
    "HOR7": 0.0023692415583923274,
    "HBT1": 0.0023408106596916195,
    "ARO3": 0.002321856727224481,
    "LYS21": 0.0019712089765824164,
    "GSY1": 0.0018859162804802927,
    "THR1": 0.0017911466181445995,
    "TRP4": 0.0017058539220424758,
    "PHA2": 0.0015826533610060747,
    "ADE5,7": 0.0015731763947725054,
    "LYS5": 0.0015731763947725054,
    "PHM7": 0.001525791563604659,
    "TRP2": 0.0015068376311375203,
    "XYL2": 0.0014878836986703817,
    "FMP45": 0.0014878836986703817,
    "TPS2": 0.0014784067324368124,
    "NTH1": 0.0014215449350353964,
    "TYR1": 0.0014025910025682578,
    "ADE1": 0.0013931140363346885,
    "HSP12": 0.001345729205166842,
    "MCR1": 0.001317298306466134,
    "YNL194C": 0.0013078213402325648,
    "CPA2": 0.0012699134752982876,
    "ADE6": 0.0012414825765975795,
    "GGA1": 0.001222528644130441,
    "HOM6": 0.0012035747116633023,
    "CPA1": 0.0011846207791961637,
    "DCS1": 0.0011751438129625944,
    "XBP1": 0.0011182820155611786,
    "CAR2": 0.00109932808309404,
    "GCY1": 0.001042466285692624,
    "ARG2": 0.0010329893194590547,
    "ARG8": 0.0009950814545247775,
    "ARG7": 0.0009761275220576389,
    "GND1": 0.0009571735895905003,
    "PRM15": 0.0009287426908897924,
    "ADE3": 0.0008624039272548072,
    "ADE8": 0.0008055421298533913,
    "MET7": 0.0007676342649191141,
    "SYM1": 0.0007581572986855448,
    "YOR289W": 0.0007392033662184062,
    "MET13": 0.0007297263999848369,
    "HIS7": 0.0007297263999848369,
    "ARO9": 0.0007297263999848369,
    "ENO2": 0.0007202494337512675,
    "HXT5": 0.0007107724675176982,
    "NTH2": 0.0006918185350505596,
    "AIM17": 0.000672864602583421,
    "ABZ1": 0.0006444337038827131,
    "ATH1": 0.0006160028051820051,
    "ERR3": 0.0004928022441456041,
    "YMR196W": 0.0004075095480434803,
    "YKL091C": 0.000398032581809911,
    "YLR252W": 0.00035064775064206445,
    "GLG1": 0.00035064775064206445,
    "MIS1": 0.00032221685194135655,
    "GLG2": 0.0003127398857077872,
    "YBR056W": 0.00026535505453994065,
    "INM2": 0.00024640112207280205,
    "GPM3": 0.00022744718960566342,
    "FAU1": 0.00021797022337209413,
    "SOL3": 0.00017058539220424757,
    "USV1": 0.00013267752726997032,
    "ARA1": 0.00010424662856926241,
    "MET12": 9.47696623356931e-05,
    "ABZ2": 8.529269610212379e-05,
    "TMA17": 6.633876363498516e-05,
    "YDR034W-B": 4.738483116784655e-05,
    "SPE3": 3.790786493427724e-05,
    "LYS14": 1.895393246713862e-05,
    "PIC2": 9.47696623356931e-06,
    "HIS2": 0.0,
    "ECM31": 0.0,
    "ARG80": 0.0,
    "ORT1": 0.0,
    "ARG81": 0.0,
    "YCL023C": 0.0,
    "INM1": 0.0,
    "YDL186W": 0.0,
    "ARO80": 0.0,
    "YOR283W": 0.0,
    "YBR085C-A": 0.0,
    "FMP46": 0.0,
    "PBI2": 0.0,
    "EGO4": 0.0,
    "MHO1": 0.0,
    "TPS3": 0.0,
    "YJL144W": 0.0,
    "YBR116C": 0.0,
    "YPL247C": 0.0,
    "IGD1": 0.0,
    "YDR248C": 0.0,
    "YDR391C": 0.0,
    "PIG2": 0.0,
    "YER067C-A": 0.0
}