{
    "w36": 0.7455357142857143,
    "w2": 0.47172619047619047,
    "w4": 0.43005952380952384,
    "w31": 0.19196428571428573,
    "w12": 0.14732142857142858,
    "w65": 0.13392857142857142,
    "w76": 0.08630952380952381,
    "w24": 0.0744047619047619,
    "w202": 0.052083333333333336,
    "w62": 0.03422619047619048,
    "w106": 0.03273809523809524,
    "w22": 0.026785714285714284,
    "w30": 0.022321428571428572,
    "w78": 0.022321428571428572,
    "w204": 0.020833333333333332,
    "w129": 0.019345238095238096,
    "w151": 0.019345238095238096,
    "w32": 0.017857142857142856,
    "w98": 0.01636904761904762,
    "w114": 0.013392857142857142,
    "w182": 0.013392857142857142,
    "w50": 0.011904761904761904,
    "w84": 0.011904761904761904,
    "w102": 0.011904761904761904,
    "w41": 0.010416666666666666,
    "w91": 0.010416666666666666,
    "w175": 0.010416666666666666,
    "w229": 0.010416666666666666,
    "w53": 0.008928571428571428,
    "w90": 0.008928571428571428,
    "w115": 0.008928571428571428,
    "w43": 0.00744047619047619,
    "w83": 0.00744047619047619,
    "w141": 0.00744047619047619,
    "w174": 0.00744047619047619,
    "w35": 0.005952380952380952,
    "w39": 0.005952380952380952,
    "w103": 0.005952380952380952,
    "w133": 0.005952380952380952,
    "w144": 0.005952380952380952,
    "w203": 0.005952380952380952,
    "w216": 0.005952380952380952,
    "w54": 0.004464285714285714,
    "w74": 0.004464285714285714,
    "w172": 0.004464285714285714,
    "w198": 0.004464285714285714,
    "w301": 0.004464285714285714,
    "w5": 0.002976190476190476,
    "w18": 0.002976190476190476,
    "w26": 0.002976190476190476,
    "w63": 0.002976190476190476,
    "w64": 0.002976190476190476,
    "w67": 0.002976190476190476,
    "w73": 0.002976190476190476,
    "w79": 0.002976190476190476,
    "w87": 0.002976190476190476,
    "w88": 0.002976190476190476,
    "w95": 0.002976190476190476,
    "w107": 0.002976190476190476,
    "w117": 0.002976190476190476,
    "w121": 0.002976190476190476,
    "w123": 0.002976190476190476,
    "w128": 0.002976190476190476,
    "w136": 0.002976190476190476,
    "w148": 0.002976190476190476,
    "w160": 0.002976190476190476,
    "w190": 0.002976190476190476,
    "w201": 0.002976190476190476,
    "w239": 0.002976190476190476,
    "w259": 0.002976190476190476,
    "w269": 0.002976190476190476,
    "w278": 0.002976190476190476,
    "w296": 0.002976190476190476,
    "w343": 0.002976190476190476,
    "w344": 0.002976190476190476,
    "w348": 0.002976190476190476,
    "w349": 0.002976190476190476,
    "w416": 0.002976190476190476,
    "w456": 0.002976190476190476,
    "w481": 0.002976190476190476,
    "w604": 0.002976190476190476,
    "w6": 0.001488095238095238,
    "w11": 0.001488095238095238,
    "w16": 0.001488095238095238,
    "w17": 0.001488095238095238,
    "w40": 0.001488095238095238,
    "w44": 0.001488095238095238,
    "w52": 0.001488095238095238,
    "w55": 0.001488095238095238,
    "w70": 0.001488095238095238,
    "w80": 0.001488095238095238,
    "w81": 0.001488095238095238,
    "w82": 0.001488095238095238,
    "w86": 0.001488095238095238,
    "w96": 0.001488095238095238,
    "w104": 0.001488095238095238,
    "w109": 0.001488095238095238,
    "w111": 0.001488095238095238,
    "w112": 0.001488095238095238,
    "w119": 0.001488095238095238,
    "w130": 0.001488095238095238,
    "w132": 0.001488095238095238,
    "w145": 0.001488095238095238,
    "w161": 0.001488095238095238,
    "w162": 0.001488095238095238,
    "w170": 0.001488095238095238,
    "w171": 0.001488095238095238,
    "w186": 0.001488095238095238,
    "w187": 0.001488095238095238,
    "w207": 0.001488095238095238,
    "w212": 0.001488095238095238,
    "w253": 0.001488095238095238,
    "w254": 0.001488095238095238,
    "w265": 0.001488095238095238,
    "w267": 0.001488095238095238,
    "w273": 0.001488095238095238,
    "w284": 0.001488095238095238,
    "w290": 0.001488095238095238,
    "w298": 0.001488095238095238,
    "w308": 0.001488095238095238,
    "w317": 0.001488095238095238,
    "w337": 0.001488095238095238,
    "w342": 0.001488095238095238,
    "w358": 0.001488095238095238,
    "w365": 0.001488095238095238,
    "w399": 0.001488095238095238,
    "w423": 0.001488095238095238,
    "w434": 0.001488095238095238,
    "w439": 0.001488095238095238,
    "w449": 0.001488095238095238,
    "w457": 0.001488095238095238,
    "w510": 0.001488095238095238,
    "w538": 0.001488095238095238,
    "w543": 0.001488095238095238,
    "w552": 0.001488095238095238,
    "w647": 0.001488095238095238,
    "w0": 0.0,
    "w1": 0.0,
    "w3": 0.0,
    "w7": 0.0,
    "w8": 0.0,
    "w9": 0.0,
    "w10": 0.0,
    "w13": 0.0,
    "w14": 0.0,
    "w15": 0.0,
    "w19": 0.0,
    "w20": 0.0,
    "w21": 0.0,
    "w23": 0.0,
    "w25": 0.0,
    "w27": 0.0,
    "w28": 0.0,
    "w29": 0.0,
    "w33": 0.0,
    "w34": 0.0,
    "w37": 0.0,
    "w38": 0.0,
    "w42": 0.0,
    "w45": 0.0,
    "w46": 0.0,
    "w47": 0.0,
    "w48": 0.0,
    "w49": 0.0,
    "w51": 0.0,
    "w56": 0.0,
    "w57": 0.0,
    "w58": 0.0,
    "w59": 0.0,
    "w60": 0.0,
    "w61": 0.0,
    "w66": 0.0,
    "w68": 0.0,
    "w69": 0.0,
    "w71": 0.0,
    "w72": 0.0,
    "w75": 0.0,
    "w77": 0.0,
    "w85": 0.0,
    "w89": 0.0,
    "w92": 0.0,
    "w93": 0.0,
    "w94": 0.0,
    "w97": 0.0,
    "w99": 0.0,
    "w100": 0.0,
    "w101": 0.0,
    "w105": 0.0,
    "w108": 0.0,
    "w110": 0.0,
    "w113": 0.0,
    "w116": 0.0,
    "w118": 0.0,
    "w120": 0.0,
    "w122": 0.0,
    "w124": 0.0,
    "w125": 0.0,
    "w126": 0.0,
    "w127": 0.0,
    "w131": 0.0,
    "w134": 0.0,
    "w135": 0.0,
    "w137": 0.0,
    "w138": 0.0,
    "w139": 0.0,
    "w140": 0.0,
    "w142": 0.0,
    "w143": 0.0,
    "w146": 0.0,
    "w147": 0.0,
    "w149": 0.0,
    "w150": 0.0,
    "w152": 0.0,
    "w153": 0.0,
    "w154": 0.0,
    "w155": 0.0,
    "w156": 0.0,
    "w157": 0.0,
    "w158": 0.0,
    "w159": 0.0,
    "w163": 0.0,
    "w164": 0.0,
    "w165": 0.0,
    "w166": 0.0,
    "w167": 0.0,
    "w168": 0.0,
    "w169": 0.0,
    "w173": 0.0,
    "w176": 0.0,
    "w177": 0.0,
    "w178": 0.0,
    "w179": 0.0,
    "w180": 0.0,
    "w181": 0.0,
    "w183": 0.0,
    "w184": 0.0,
    "w185": 0.0,
    "w188": 0.0,
    "w189": 0.0,
    "w191": 0.0,
    "w192": 0.0,
    "w193": 0.0,
    "w194": 0.0,
    "w195": 0.0,
    "w196": 0.0,
    "w197": 0.0,
    "w199": 0.0,
    "w200": 0.0,
    "w205": 0.0,
    "w206": 0.0,
    "w208": 0.0,
    "w209": 0.0,
    "w210": 0.0,
    "w211": 0.0,
    "w213": 0.0,
    "w214": 0.0,
    "w215": 0.0,
    "w217": 0.0,
    "w218": 0.0,
    "w219": 0.0,
    "w220": 0.0,
    "w221": 0.0,
    "w222": 0.0,
    "w223": 0.0,
    "w224": 0.0,
    "w225": 0.0,
    "w226": 0.0,
    "w227": 0.0,
    "w228": 0.0,
    "w230": 0.0,
    "w231": 0.0,
    "w232": 0.0,
    "w233": 0.0,
    "w234": 0.0,
    "w235": 0.0,
    "w236": 0.0,
    "w237": 0.0,
    "w238": 0.0,
    "w240": 0.0,
    "w241": 0.0,
    "w242": 0.0,
    "w243": 0.0,
    "w244": 0.0,
    "w245": 0.0,
    "w246": 0.0,
    "w247": 0.0,
    "w248": 0.0,
    "w249": 0.0,
    "w250": 0.0,
    "w251": 0.0,
    "w252": 0.0,
    "w255": 0.0,
    "w256": 0.0,
    "w257": 0.0,
    "w258": 0.0,
    "w260": 0.0,
    "w261": 0.0,
    "w262": 0.0,
    "w263": 0.0,
    "w264": 0.0,
    "w266": 0.0,
    "w268": 0.0,
    "w270": 0.0,
    "w271": 0.0,
    "w272": 0.0,
    "w274": 0.0,
    "w275": 0.0,
    "w276": 0.0,
    "w277": 0.0,
    "w279": 0.0,
    "w280": 0.0,
    "w281": 0.0,
    "w282": 0.0,
    "w283": 0.0,
    "w285": 0.0,
    "w286": 0.0,
    "w287": 0.0,
    "w288": 0.0,
    "w289": 0.0,
    "w291": 0.0,
    "w292": 0.0,
    "w293": 0.0,
    "w294": 0.0,
    "w295": 0.0,
    "w297": 0.0,
    "w299": 0.0,
    "w300": 0.0,
    "w302": 0.0,
    "w303": 0.0,
    "w304": 0.0,
    "w305": 0.0,
    "w306": 0.0,
    "w307": 0.0,
    "w309": 0.0,
    "w310": 0.0,
    "w311": 0.0,
    "w312": 0.0,
    "w313": 0.0,
    "w314": 0.0,
    "w315": 0.0,
    "w316": 0.0,
    "w318": 0.0,