{
    "RAD51": 0.24737883679323544,
    "TRP5": 0.19551028975222637,
    "TRP3": 0.18443094022048756,
    "HIS4": 0.1141867647499775,
    "ARG5,6": 0.10198798612707519,
    "RAD57": 0.08456687089584312,
    "HOM3": 0.06725569959320746,
    "SPO11": 0.06702581683341496,
    "RAD52": 0.06622122717414118,
    "DMC1": 0.053327802820561515,
    "REV3": 0.05198348842090534,
    "RAD16": 0.049219897852095434,
    "HIS7": 0.043527800821580996,
    "MSH2": 0.041578794814644535,
    "ARO1": 0.041009085366463104,
    "TPP1": 0.040699243385873204,
    "ADE1": 0.034657324764370175,
    "MLH1": 0.031553907507171346,
    "TOP3": 0.029180118139748728,
    "ILV1": 0.02660643072033263,
    "REV1": 0.025761861450660162,
    "SRS2": 0.025701892035062117,
    "DUN1": 0.02504722591478346,
    "ARG4": 0.023827847797623213,
    "RAD30": 0.02331810776503983,
    "MSH6": 0.022178688868676976,
    "YKU70": 0.021559004907497178,
    "PRO2": 0.019280167114771467,
    "SGS1": 0.018470580004197858,
    "UNG1": 0.018325653916502583,
    "HIS5": 0.018010814484612846,
    "MSH3": 0.01666650008495667,
    "ARO8": 0.015996841610778502,
    "CPA2": 0.0149723640943119,
    "RAD59": 0.01495737174041239,
    "LYS12": 0.014937381935213042,
    "APN1": 0.014467621513028356,
    "HIS6": 0.014247733655835523,
    "RNH201": 0.014037840701242366,
    "TEL1": 0.013847937551848558,
    "MTD1": 0.013578075181657354,
    "RAD17": 0.013373179678364034,
    "ADE5,7": 0.012038860181307533,
    "RAD9": 0.011778992713716005,
    "FUN30": 0.01140918131752806,
    "RAD14": 0.010454668119259177,
    "RAD18": 0.010169813395168464,
    "HIS1": 0.009400205894993553,
    "LYS5": 0.009325244125495997,
    "MIP1": 0.009295259417696974,
    "ARO2": 0.008730547420815384,
    "PMS1": 0.008640593297418316,
    "APN2": 0.00848067485582353,
    "MET6": 0.008355738573327602,
    "RAD1": 0.007975932274539984,
    "ARO7": 0.0077760342225465014,
    "HOP1": 0.007746049514747479,
    "PCH2": 0.007731057160847967,
    "EXO1": 0.007716064806948456,
    "ADE8": 0.007551148914053832,
    "POL32": 0.007336258508160838,
    "CHK1": 0.007226314579564422,
    "HFM1": 0.007106375748368332,
    "DIN7": 0.007036411430170613,
    "RRM3": 0.006736564352180388,
    "MIS1": 0.00664661022878332,
    "TYR1": 0.006616625520984298,
    "RNR4": 0.006556656105386253,
    "ARG1": 0.006401735115091303,
    "LYS1": 0.006346763150793096,
    "ARO3": 0.0063317707968935846,
    "ARO4": 0.006211831965697494,
    "CTF4": 0.005762061348712157,
    "HOM2": 0.0055971454558175334,
    "SHU1": 0.005547170942819162,
    "RAD24": 0.005187354449230892,
    "PHA2": 0.005127385033632847,
    "REV7": 0.004962469140738224,
    "MEK1": 0.004952474238138549,
    "BAT2": 0.004877512468640993,
    "SML1": 0.004877512468640993,
    "RAD27": 0.004772565991344414,
    "SHM1": 0.004707599124446532,
    "SHM2": 0.004612647549749628,
    "LYS9": 0.004347782630858262,
    "MET7": 0.0043427851795584255,
    "CSM3": 0.004177869286663801,
    "MRE11": 0.004157879481464453,
    "MET13": 0.00412789477366543,
    "ARO10": 0.004102907517166245,
    "RAD26": 0.004047935552868038,
    "TOF1": 0.0040429381015682,
    "RAD54": 0.003858032403474228,
    "ABZ1": 0.0036931165105796044,
    "LYS21": 0.0036381445462813967,
    "LYS20": 0.0036181547410820483,
    "ADE3": 0.0033382974682911715,
    "YKU80": 0.0032833255039929634,
    "MSH4": 0.003188373929296059,
    "RAD10": 0.0031633866727968736,
    "MUS81": 0.0030484452929006207,
    "SPO22": 0.0030384503903009463,
    "RTT101": 0.0027985727279087667,
    "PIF1": 0.0027186135071113732,
    "ARG3": 0.002578684870715935,
    "RED1": 0.0025487001629169123,
    "MRC1": 0.0025037231012183785,
    "OGG1": 0.0024237638804209855,
    "RAD7": 0.002348802110923429,
    "CHA1": 0.0022988275979250582,
    "RNR3": 0.0022588479875263615,
    "SER1": 0.0022138709258278278,
    "ECM31": 0.0022138709258278278,
    "ADE6": 0.0021539015102297826,
    "HOP2": 0.0021239168024307603,
    "MMS1": 0.0020039779712346705,
    "SAE2": 0.001998980519934833,
    "LEU4": 0.001929016201737114,
    "MEC3": 0.001854054432239558,
    "ARG8": 0.0018240697244405353,
    "ARG2": 0.00179908246794135,
    "TOP1": 0.0017890875653416758,
    "ZIP1": 0.0017091283445442825,
    "ELG1": 0.0015292200977501474,
    "RTT107": 0.0015242226464503104,
    "TRP4": 0.001499235389951125,
    "DDC1": 0.0014892404873514508,
    "RNH202": 0.0014742481334519394,
    "ILV6": 0.001449260876952754,
    "DNL4": 0.0014292710717534057,
    "RAD5": 0.0013443143996561754,
    "MLH3": 0.0013443143996561754,
    "CST9": 0.0013193271431569899,
    "RAD2": 0.0013143296918571529,
    "SPE1": 0.0012793475327582933,
    "ARG7": 0.0012543602762591078,
    "YEN1": 0.0012343704710597596,
    "MPH1": 0.0012293730197599224,
    "TDP1": 0.0011494137989625291,
    "THR4": 0.0011094341885638324,
    "RMI1": 0.0011094341885638324,
    "GCV2": 0.0011044367372639954,
    "MLH2": 0.0010944418346643212,
    "MAG1": 0.0010544622242656245,
    "CPA1": 0.0009295259417696974,
    "MND1": 0.0008795514287713266,
    "LEU1": 0.0008645590748718153,
    "RAD50": 0.0008545641722721413,
    "MET12": 0.0007945947566740962,
    "TRP2": 0.000779602402774585,
    "MSH5": 0.0007696075001749108,
    "CAR2": 0.0007546151462753996,
    "ILV2": 0.0007396227923758883,
    "RAD4": 0.000724630438476377,
    "HOM6": 0.0007146355358767029,
    "DCC1": 0.0006796533767778433,
    "THR1": 0.0006346763150793096,
    "ARO9": 0.0006246814124796354,
    "ZIP2": 0.0005946967046806129,
    "SMC6": 0.0005896992533807758,
    "SPO16": 0.0005847018020809387,
    "EST2": 0.0005797043507811017,
    "CTF18": 0.0005697094481814275,
    "SLX1": 0.0005647119968815904,
    "ULS1": 0.0005347272890825679,
    "SIZ1": 0.0005297298377827308,
    "RDH54": 0.0005247323864828937,
    "NFI1": 0.0005197349351830566,
    "UBC13": 0.0004947476786838712,
    "MMS22": 0.0004947476786838712,
    "MMS2": 0.0004947476786838712,
    "CSM2": 0.0004947476786838712,
    "GCV1": 0.0004397757143856633,
    "RAD6": 0.0004347782630858262,
    "EST3": 0.0004247833604861521,
    "PSO2": 0.000419785909186315,
    "PSY3": 0.0004047935552868037,
    "GCV3": 0.00039979610398696667,
    "RAD23": 0.0003947986526871296,
    "REC114": 0.0003898012013872925,
    "REC107": 0.0003898012013872925,
    "MEI4": 0.0003898012013872925,
    "REC102": 0.0003898012013872925,
    "BAT1": 0.00036481394488810707,
    "NTG2": 0.00030484452929006205,
    "NTG1": 0.0002948496266903879,
    "MMS4": 0.0002948496266903879,
    "SLX4": 0.0002698623701912025,
    "LEU9": 0.0002548700162916912,
    "POL4": 0.00023987766239218,
    "SER2": 0.0002348802110923429,
    "ASN1": 0.0002048955032933204,
    "ECM11": 0.00019490060069364624,
    "MGS1": 0.00018990314939380915,
    "SHU2": 0.00018990314939380915,
    "REC8": 0.00018990314939380915,
    "LIF1": 0.00018490569809397208,
    "RAD34": 0.00014992353899511248,
    "SPE3": 0.00013493118509560125,
    "NEJ1": 0.00010994392859641583,
    "RIF2": 9.495157469690457e-05,
    "HRQ1": 9.495157469690457e-05,
    "MSH1": 7.995922079739333e-05,
    "RAD55": 6.496686689788208e-05,
    "CHL1": 6.496686689788208e-05,
    "CMR1": 5.9969415598045e-05,
    "INM2": 5.497196429820791e-05,
    "XRS2": 4.997451299837083e-05,
    "PRO1": 4.497706169853375e-05,
    "MGT1": 2.99847077990225e-05,
    "FAU1": 2.4987256499185417e-05,
    "ASN2": 2.4987256499185417e-05,
    "SAW1": 1.499235389951125e-05,
    "ABZ2": 9.994902599674167e-06,
    "SCEI": 9.994902599674167e-06,
    "CTF8": 4.997451299837083e-06,
    "HUG1": 4.997451299837083e-06,
    "HIS2": 0.0,
    "LYS14": 0.0,
    "ARG80": 0.0,
    "ORT1": 0.0,
    "ARG81": 0.0,
    "YCL023C": 0.0,
    "INM1": 0.0,
    "YDL186W": 0.0,
    "ASP1": 0.0,
    "ARO80": 0.0,
    "HNT3": 0.0,
    "ESC2": 0.0,
    "DIA2": 0.0,
    "ARR2": 0.0,
    "RIF1": 0.0,
    "IRC20": 0.0,
    "RFX1": 0.0,
    "HED1": 0.0,
    "RAD33": 0.0,
    "WTM1": 0.0,
    "CRT10": 0.0,
    "MER1": 0.0,
    "NDJ1": 0.0,
    "WSS1": 0.0,
    "HIM1": 0.0,
    "DEF1": 0.0,