{
    "ALD5": 0.9960159362549801,
    "ALD3": 0.9482071713147411,
    "BAT1": 0.5,
    "YEF1": 0.4940239043824701,
    "POS5": 0.4940239043824701,
    "NQM1": 0.3426294820717131,
    "TKL2": 0.3346613545816733,
    "GND2": 0.09561752988047809,
    "TAL1": 0.04780876494023904,
    "ERR1": 0.03187250996015936,
    "ENO1": 0.03187250996015936,
    "ERR3": 0.03187250996015936,
    "ENO2": 0.03187250996015936,
    "PYK2": 0.03187250996015936,
    "PFK1": 0.03187250996015936,
    "GPM2": 0.03187250996015936,
    "GPM3": 0.03187250996015936,
    "RPE1": 0.02390438247011952,
    "TDH3": 0.01593625498007968,
    "TDH2": 0.01593625498007968,
    "TDH1": 0.01593625498007968,
    "FMP16": 0.01593625498007968,
    "YNL195C": 0.01593625498007968,
    "XYL2": 0.01593625498007968,
    "XKS1": 0.01593625498007968,
    "YBR116C": 0.00796812749003984,
    "GRE1": 0.00796812749003984,
    "SIP18": 0.00796812749003984,
    "HXT5": 0.00796812749003984,
    "FMP45": 0.00796812749003984,
    "PHM7": 0.00796812749003984,
    "BAT2": 0.0,
    "YOR283W": 0.0,
    "TKL1": 0.0,
    "ERR2": 0.0,
    "ALD6": 0.0,
    "ALD4": 0.0,
    "ALD2": 0.0,
    "HFD1": 0.0,
    "YNL194C": 0.0,
    "PAI3": 0.0,
    "HBT1": 0.0,
    "GND1": 0.0,
    "SOL3": 0.0,
    "SOL2": 0.0,
    "YDR248C": 0.0,
    "SOL1": 0.0,
    "PHO13": 0.0,
    "SPG1": 0.0,
    "SHB17": 0.0
}