{
    "THI3": 0.13333333333333333,
    "PDC1": 0.13333333333333333,
    "PDC6": 0.13333333333333333,
    "PDC5": 0.13333333333333333,
    "ARO10": 0.13333333333333333,
    "BAT1": 0.0,
    "BAT2": 0.0,
    "ADH1": 0.0,
    "BDH1": 0.0,
    "THI2": 0.0,
    "ARO80": 0.0
}