{
    "w22": 0.921443736730361,
    "w4": 0.505307855626327,
    "w123": 0.27176220806794055,
    "w28": 0.2611464968152866,
    "w100": 0.23991507430997877,
    "w143": 0.208067940552017,
    "w48": 0.19957537154989385,
    "w36": 0.10615711252653928,
    "w59": 0.09766454352441614,
    "w33": 0.09129511677282377,
    "w20": 0.09129511677282377,
    "w1": 0.08917197452229299,
    "w44": 0.050955414012738856,
    "w37": 0.04883227176220807,
    "w6": 0.04246284501061571,
    "w127": 0.040339702760084924,
    "w102": 0.036093418259023353,
    "w79": 0.03397027600849257,
    "w31": 0.03397027600849257,
    "w136": 0.027600849256900213,
    "w15": 0.025477707006369428,
    "w18": 0.025477707006369428,
    "w131": 0.02335456475583864,
    "w185": 0.02335456475583864,
    "w142": 0.02335456475583864,
    "w485": 0.02335456475583864,
    "w42": 0.021231422505307854,
    "w51": 0.021231422505307854,
    "w161": 0.021231422505307854,
    "w176": 0.021231422505307854,
    "w198": 0.021231422505307854,
    "w91": 0.01910828025477707,
    "w24": 0.016985138004246284,
    "w155": 0.016985138004246284,
    "w98": 0.016985138004246284,
    "w25": 0.014861995753715499,
    "w146": 0.014861995753715499,
    "w244": 0.012738853503184714,
    "w163": 0.012738853503184714,
    "w83": 0.012738853503184714,
    "w128": 0.012738853503184714,
    "w117": 0.010615711252653927,
    "w134": 0.010615711252653927,
    "w86": 0.010615711252653927,
    "w109": 0.008492569002123142,
    "w159": 0.008492569002123142,
    "w57": 0.008492569002123142,
    "w39": 0.008492569002123142,
    "w316": 0.008492569002123142,
    "w138": 0.008492569002123142,
    "w55": 0.008492569002123142,
    "w349": 0.008492569002123142,
    "w34": 0.006369426751592357,
    "w124": 0.006369426751592357,
    "w106": 0.006369426751592357,
    "w258": 0.006369426751592357,
    "w135": 0.006369426751592357,
    "w241": 0.006369426751592357,
    "w314": 0.006369426751592357,
    "w19": 0.004246284501061571,
    "w181": 0.004246284501061571,
    "w311": 0.004246284501061571,
    "w302": 0.004246284501061571,
    "w306": 0.004246284501061571,
    "w373": 0.004246284501061571,
    "w95": 0.004246284501061571,
    "w171": 0.004246284501061571,
    "w188": 0.004246284501061571,
    "w372": 0.004246284501061571,
    "w49": 0.004246284501061571,
    "w558": 0.004246284501061571,
    "w114": 0.004246284501061571,
    "w119": 0.004246284501061571,
    "w27": 0.004246284501061571,
    "w200": 0.004246284501061571,
    "w175": 0.004246284501061571,
    "w588": 0.004246284501061571,
    "w213": 0.004246284501061571,
    "w145": 0.004246284501061571,
    "w254": 0.004246284501061571,
    "w366": 0.004246284501061571,
    "w157": 0.004246284501061571,
    "w221": 0.004246284501061571,
    "w92": 0.004246284501061571,
    "w85": 0.004246284501061571,
    "w115": 0.004246284501061571,
    "w150": 0.0021231422505307855,
    "w81": 0.0021231422505307855,
    "w203": 0.0021231422505307855,
    "w68": 0.0021231422505307855,
    "w589": 0.0021231422505307855,
    "w331": 0.0021231422505307855,
    "w592": 0.0021231422505307855,
    "w54": 0.0021231422505307855,
    "w35": 0.0021231422505307855,
    "w265": 0.0021231422505307855,
    "w162": 0.0021231422505307855,
    "w23": 0.0021231422505307855,
    "w21": 0.0021231422505307855,
    "w126": 0.0021231422505307855,
    "w401": 0.0021231422505307855,
    "w252": 0.0021231422505307855,
    "w320": 0.0021231422505307855,
    "w41": 0.0021231422505307855,
    "w184": 0.0021231422505307855,
    "w530": 0.0021231422505307855,
    "w272": 0.0021231422505307855,
    "w165": 0.0021231422505307855,
    "w591": 0.0021231422505307855,
    "w118": 0.0021231422505307855,
    "w222": 0.0021231422505307855,
    "w104": 0.0021231422505307855,
    "w111": 0.0021231422505307855,
    "w210": 0.0021231422505307855,
    "w234": 0.0021231422505307855,
    "w392": 0.0021231422505307855,
    "w230": 0.0021231422505307855,
    "w260": 0.0021231422505307855,
    "w512": 0.0021231422505307855,
    "w315": 0.0021231422505307855,
    "w380": 0.0021231422505307855,
    "w76": 0.0021231422505307855,
    "w69": 0.0021231422505307855,
    "w178": 0.0021231422505307855,
    "w481": 0.0021231422505307855,
    "w40": 0.0021231422505307855,
    "w170": 0.0021231422505307855,
    "w389": 0.0021231422505307855,
    "w52": 0.0021231422505307855,
    "w267": 0.0021231422505307855,
    "w38": 0.0021231422505307855,
    "w257": 0.0021231422505307855,
    "w245": 0.0021231422505307855,
    "w228": 0.0021231422505307855,
    "w71": 0.0021231422505307855,
    "w345": 0.0021231422505307855,
    "w278": 0.0021231422505307855,
    "w193": 0.0021231422505307855,
    "w14": 0.0021231422505307855,
    "w197": 0.0021231422505307855,
    "w82": 0.0021231422505307855,
    "w204": 0.0021231422505307855,
    "w518": 0.0021231422505307855,
    "w309": 0.0021231422505307855,
    "w154": 0.0,
    "w563": 0.0,
    "w633": 0.0,
    "w455": 0.0,
    "w432": 0.0,
    "w424": 0.0,
    "w527": 0.0,
    "w501": 0.0,
    "w273": 0.0,
    "w201": 0.0,
    "w177": 0.0,
    "w291": 0.0,
    "w421": 0.0,
    "w326": 0.0,
    "w423": 0.0,
    "w578": 0.0,
    "w94": 0.0,
    "w249": 0.0,
    "w144": 0.0,
    "w60": 0.0,
    "w343": 0.0,
    "w388": 0.0,
    "w636": 0.0,
    "w297": 0.0,
    "w357": 0.0,
    "w125": 0.0,
    "w318": 0.0,
    "w209": 0.0,
    "w517": 0.0,
    "w498": 0.0,
    "w448": 0.0,
    "w73": 0.0,
    "w232": 0.0,
    "w298": 0.0,
    "w330": 0.0,
    "w354": 0.0,
    "w191": 0.0,
    "w189": 0.0,
    "w486": 0.0,
    "w377": 0.0,
    "w596": 0.0,
    "w147": 0.0,
    "w484": 0.0,
    "w16": 0.0,
    "w293": 0.0,
    "w335": 0.0,
    "w542": 0.0,
    "w263": 0.0,
    "w403": 0.0,
    "w101": 0.0,
    "w75": 0.0,
    "w112": 0.0,
    "w70": 0.0,
    "w552": 0.0,
    "w108": 0.0,
    "w195": 0.0,
    "w438": 0.0,
    "w88": 0.0,
    "w227": 0.0,
    "w277": 0.0,
    "w122": 0.0,
    "w218": 0.0,
    "w579": 0.0,
    "w137": 0.0,
    "w275": 0.0,
    "w350": 0.0,
    "w405": 0.0,
    "w290": 0.0,
    "w340": 0.0,
    "w9": 0.0,
    "w2": 0.0,
    "w237": 0.0,
    "w472": 0.0,
    "w11": 0.0,
    "w285": 0.0,
    "w196": 0.0,
    "w116": 0.0,
    "w248": 0.0,
    "w428": 0.0,
    "w299": 0.0,
    "w503": 0.0,
    "w294": 0.0,
    "w461": 0.0,
    "w72": 0.0,
    "w282": 0.0,
    "w246": 0.0,
    "w268": 0.0,
    "w417": 0.0,
    "w342": 0.0,
    "w646": 0.0,
    "w224": 0.0,
    "w247": 0.0,
    "w300": 0.0,
    "w226": 0.0,
    "w132": 0.0,
    "w242": 0.0,
    "w478": 0.0,
    "w348": 0.0,
    "w93": 0.0,
    "w89": 0.0,
    "w238": 0.0,
    "w66": 0.0,
    "w32": 0.0,
    "w276": 0.0,
    "w62": 0.0,
    "w404": 0.0,
    "w139": 0.0,
    "w384": 0.0,
    "w180": 0.0,
    "w194": 0.0,
    "w113": 0.0,
    "w351": 0.0,
    "w65": 0.0,
    "w327": 0.0,
    "w466": 0.0,
    "w78": 0.0,
    "w148": 0.0,
    "w270": 0.0,
    "w96": 0.0,
    "w286": 0.0,
    "w413": 0.0,
    "w465": 0.0,
    "w8": 0.0,
    "w261": 0.0,
    "w504": 0.0,
    "w360": 0.0,
    "w84": 0.0,
    "w283": 0.0,
    "w67": 0.0,
    "w534": 0.0,
    "w7": 0.0,
    "w266": 0.0,
    "w281": 0.0,
    "w202": 0.0,
    "w105": 0.0,
    "w205": 0.0,
    "w460": 0.0,
    "w212": 0.0,
    "w535": 0.0,
    "w452": 0.0,
    "w638": 0.0,
    "w13": 0.0,
    "w529": 0.0,
    "w30": 0.0,
    "w308": 0.0,
    "w172": 0.0,
    "w555": 0.0,
    "w365": 0.0,
    "w160": 0.0,
    "w45": 0.0,
    "w462": 0.0,
    "w470": 0.0,
    "w152": 0.0,
    "w489": 0.0,
    "w339": 0.0,
    "w496": 0.0,
    "w174": 0.0,
    "w231": 0.0,
    "w10": 0.0,
    "w597": 0.0,
    "w381": 0.0,
    "w378": 0.0,
    "w262": 0.0,
    "w29": 0.0,
    "w192": 0.0,
    "w289": 0.0,
    "w164": 0.0,
    "w359": 0.0,
    "w58": 0.0,
    "w382": 0.0,
    "w90": 0.0,
    "w538": 0.0,
    "w97": 0.0,
    "w46": 0.0,
    "w642": 0.0,
    "w87": 0.0,
    "w514": 0.0,
    "w301": 0.0,
    "w329": 0.0,
    "w313": 0.0,
    "w156": 0.0,
    "w110": 0.0,
    "w531": 0.0,
    "w214": 0.0,
    "w387": 0.0,
    "w206": 0.0,