{
    "AAT1": 0.23973063973063974,
    "KGD1": 0.1750841750841751,
    "PDB1": 0.13400673400673402,
    "PYC1": 0.11245791245791245,
    "PDA1": 0.1037037037037037,
    "KGD2": 0.0962962962962963,
    "CIT1": 0.09562289562289562,
    "FUM1": 0.08956228956228957,
    "CIT3": 0.08754208754208755,
    "MDH1": 0.08686868686868687,
    "CIT2": 0.06599326599326599,
    "IDH2": 0.0632996632996633,
    "ACO1": 0.05858585858585859,
    "PYC2": 0.05117845117845118,
    "GDH2": 0.03838383838383838,
    "MDH3": 0.03838383838383838,
    "IDH1": 0.032996632996632996,
    "MDH2": 0.028956228956228958,
    "LSC1": 0.026262626262626262,
    "GDH1": 0.024242424242424242,
    "GDH3": 0.022895622895622896,
    "MAE1": 0.017508417508417508,
    "PCK1": 0.014141414141414142,
    "PDX1": 0.012794612794612794,
    "ALT2": 0.003367003367003367,
    "ALT1": 0.003367003367003367,
    "ICL2": 0.0006734006734006734,
    "IRC15": 0.0,
    "PKP1": 0.0,
    "NCE103": 0.0,
    "ARG2": 0.0,
    "GLT1": 0.0,
    "ASN2": 0.0,
    "YMR31": 0.0,
    "ARG1": 0.0,
    "HOM3": 0.0,
    "IDP1": 0.0,
    "ASP1": 0.0,
    "ASN1": 0.0,
    "IDP3": 0.0,
    "PDH1": 0.0
}