{
    "YVH1": 0.875557575042837,
    "PTP2": 0.35505476895755145,
    "PTP3": 0.3084786092361482,
    "ASC1": 0.12458810552823081,
    "STE4": 0.12151493919570451,
    "SDP1": 0.0645781160033576,
    "PBS2": 0.0491775984904718,
    "PTC2": 0.0421224965487579,
    "PTC3": 0.041671580495452686,
    "HOG1": 0.03654501182787494,
    "SLT2": 0.03512982913750165,
    "SHO1": 0.026392463458456757,
    "RPL11A": 0.020142073242641396,
    "RPL9A": 0.02002067276675153,
    "RPL2A": 0.02002067276675153,
    "RPL2B": 0.019899272290861667,
    "RPL19B": 0.019899272290861667,
    "RPL35B": 0.0197778718149718,
    "RPL35A": 0.0197778718149718,
    "RPL19A": 0.019656471339081934,
    "RPL16A": 0.019656471339081934,
    "RPL23A": 0.019656471339081934,
    "RPL23B": 0.019535070863192068,
    "RPL31A": 0.01940326463222593,
    "RPL39": 0.01940326463222593,
    "RPL4A": 0.019184743775624173,
    "RPL13A": 0.019063343299734307,
    "RPL18B": 0.019063343299734307,
    "RPL21A": 0.01894194282384444,
    "RPL8A": 0.01894194282384444,
    "RPL20A": 0.01894194282384444,
    "RPL38": 0.018820542347954574,
    "RPL20B": 0.018820542347954574,
    "RPL27A": 0.018820542347954574,
    "RPL14A": 0.01869914187206471,
    "RPL43B": 0.01869914187206471,
    "RPL26A": 0.01869914187206471,
    "RPL43A": 0.01869914187206471,
    "RPL22A": 0.01869914187206471,
    "RPL36A": 0.01845634092028498,
    "RPL7A": 0.018445935165208704,
    "RPL34A": 0.018445935165208704,
    "RPL12B": 0.018164979778149303,
    "RPL12A": 0.018137231097945905,
    "RPL6A": 0.017974207601750943,
    "RPL42B": 0.017741812405047484,
    "RPL16B": 0.01770712655479324,
    "RPL17B": 0.01767937787458984,
    "RPL24A": 0.017620411929157618,
    "RPL37A": 0.017124404270521882,
    "RPL27B": 0.01684344888346248,
    "RPL29": 0.016663082462140395,
    "RPL14B": 0.016479247455792885,
    "RPL40B": 0.016288475279394525,
    "RPL40A": 0.016045674327614792,
    "RPL1B": 0.015896525171521528,
    "RPS14A": 0.015268711281919653,
    "RPS11B": 0.015268711281919653,
    "RPS11A": 0.015268711281919653,
    "RPS6B": 0.015081407690546719,
    "RPS4B": 0.015081407690546719,
    "RPS8A": 0.015081407690546719,
    "RPS4A": 0.015081407690546719,
    "RPS8B": 0.015081407690546719,
    "RPS6A": 0.015081407690546719,
    "RPS7A": 0.014894104099173784,
    "RPS9A": 0.014894104099173784,
    "RPS1A": 0.014894104099173784,
    "RPS16A": 0.01479698371846189,
    "RPL37B": 0.014661708902470327,
    "MRT4": 0.013558698864385262,
    "KSS1": 0.01346157848367337,
    "FUS3": 0.013010662430368155,
    "NEW1": 0.00988199873743505,
    "STE11": 0.009663477880833294,
    "RPS24B": 0.008799800209502535,
    "RPS24A": 0.008799800209502535,
    "RPS23B": 0.008799800209502535,
    "RPS23A": 0.008799800209502535,
    "MKK1": 0.00867839973361267,
    "RPS16B": 0.008636776713307573,
    "RPS0A": 0.0086124966181296,
    "RPS27A": 0.0086124966181296,
    "KDX1": 0.008504970482341433,
    "RPS1B": 0.008262169530561702,
    "RPS22B": 0.008158111979798962,
    "RPS9B": 0.00809914603436674,
    "STE20": 0.007252811288163107,
    "STE50": 0.006645808908713779,
    "WSC2": 0.005150848762755722,
    "STE7": 0.005025979701840431,
    "LRP1": 0.004006215704365561,
    "RLM1": 0.003857066548272298,
    "BCK1": 0.003857066548272298,
    "MSG5": 0.003239658413746696,
    "SSK1": 0.002913611421356772,
    "SKO1": 0.0028927999112042233,
    "RPS14B": 0.002476569708153256,
    "RPS18B": 0.0023308891370854173,
    "RPS29A": 0.0023308891370854173,
    "RPS18A": 0.0023308891370854173,
    "RPS19A": 0.0023308891370854173,
    "RPS22A": 0.0023308891370854173,
    "OPY2": 0.0022545802665260733,
    "FUS1": 0.002195614321093853,
    "RPS25A": 0.002143585545712482,
    "RPS0B": 0.0021019625254073853,
    "RPS19B": 0.0021019625254073853,
    "RPS12": 0.0021019625254073853,
    "RPS17A": 0.001956281954339547,
    "RPS26B": 0.001956281954339547,
    "RPS30A": 0.001956281954339547,
    "SSK2": 0.0019493447842886973,
    "SSK22": 0.0019493447842886973,
    "RPS28B": 0.00191465893403445,
    "RPS21A": 0.00191465893403445,
    "RPS10B": 0.00191465893403445,
    "RPS21B": 0.00191465893403445,
    "RPS17B": 0.00191465893403445,
    "RPS27B": 0.0018730359137293534,
    "RPS29B": 0.0018106013832717082,
    "RPS7B": 0.0016232977918987728,
    "RPS25B": 0.0016232977918987728,
    "FPS1": 0.0014463999556021117,
    "REI1": 0.0013770282550936172,
    "STE5": 0.001352748159915644,
    "MSB2": 0.0009850781472206228,
    "PTC1": 0.0009850781472206228,
    "NOT5": 0.0005619107741188059,
    "TEF4": 0.0004162302030509674,
    "RPL4B": 0.0004023558629492685,
    "LSO2": 0.0003850129378221448,
    "RPL9B": 0.00037460718274587063,
    "RPL11B": 0.00037460718274587063,
    "BUD21": 0.00024280095177973098,
    "RPL22B": 0.00021505227157633315,
    "RPL24B": 0.00021505227157633315,
    "RPL31B": 0.00018730359137293531,
    "RPL7B": 0.00018730359137293531,
    "RPL26B": 0.00018730359137293531,
    "RPL15B": 0.00018730359137293531,
    "RPP1A": 0.00018730359137293531,
    "RPL36B": 0.00018730359137293531,
    "RPP1B": 0.00018730359137293531,
    "RPL13B": 0.00018730359137293531,
    "RPL33B": 0.00018730359137293531,
    "RPL21B": 0.00018730359137293531,
    "EGD2": 0.00018730359137293531,
    "RPL34B": 0.00018730359137293531,
    "SKI3": 0.00018730359137293531,
    "SKI2": 0.00018730359137293531,
    "EGD1": 0.00018730359137293531,
    "MID2": 0.0,
    "SLG1": 0.0,
    "STE18": 0.0,
    "SST2": 0.0,
    "FUS2": 0.0,
    "NBP2": 0.0,
    "ACA1": 0.0,
    "PTP1": 0.0,
    "DIG1": 0.0,
    "DIG2": 0.0,
    "MKK2": 0.0,
    "PAA1": 0.0,
    "PTC7": 0.0,
    "MTL1": 0.0,
    "ROM1": 0.0,
    "WSC3": 0.0,
    "SMP1": 0.0,
    "SMK1": 0.0,
    "RCK2": 0.0,
    "HOT1": 0.0,
    "AHK1": 0.0,
    "STL1": 0.0,
    "RCK1": 0.0,
    "YGL108C": 0.0,
    "ASK10": 0.0,
    "RGC1": 0.0,
    "TEF1": 0.0,
    "HBS1": 0.0,
    "EFT1": 0.0,
    "YGR201C": 0.0,
    "RPL6B": 0.0,
    "EFT2": 0.0,
    "ANB1": 0.0,
    "TMA19": 0.0,
    "RPP2B": 0.0,
    "RPL8B": 0.0,
    "RPL1A": 0.0,
    "CAM1": 0.0,
    "SSB2": 0.0,
    "TEF2": 0.0,
    "RPP2A": 0.0,
    "PAT1": 0.0,
    "BTT1": 0.0,
    "RPL41B": 0.0,
    "HCR1": 0.0,
    "YGR054W": 0.0,
    "RPL41A": 0.0,
    "SSH1": 0.0,
    "UBI4": 0.0,
    "MPP6": 0.0,
    "SLX9": 0.0,
    "STM1": 0.0,
    "DOM34": 0.0,
    "REH1": 0.0,
    "RUB1": 0.0,
    "TMA20": 0.0
}