{
    "HOP1": 0.9990791896869244,
    "STE7": 0.9947916666666666,
    "RAD51": 0.22283609576427257,
    "MUS81": 0.16206261510128914,
    "TEL1": 0.15101289134438306,
    "HOG1": 0.125,
    "SLT2": 0.11979166666666667,
    "MLH1": 0.09760589318600368,
    "SPO11": 0.09300184162062615,
    "PBS2": 0.08854166666666667,
    "DMC1": 0.07458563535911603,
    "BCK1": 0.06770833333333333,
    "SHO1": 0.0625,
    "MPH1": 0.058011049723756904,
    "PTP3": 0.057291666666666664,
    "FUS3": 0.052083333333333336,
    "RAD52": 0.05156537753222836,
    "KSS1": 0.046875,
    "MSH4": 0.0423572744014733,
    "SSK1": 0.041666666666666664,
    "KDX1": 0.041666666666666664,
    "SGS1": 0.04143646408839779,
    "MSH5": 0.03683241252302026,
    "STE11": 0.036458333333333336,
    "SMK1": 0.03125,
    "EXO1": 0.027624309392265192,
    "STE20": 0.026041666666666668,
    "MSG5": 0.026041666666666668,
    "PTC2": 0.026041666666666668,
    "RAD27": 0.02302025782688766,
    "MND1": 0.02302025782688766,
    "RAD1": 0.022099447513812154,
    "MSB2": 0.020833333333333332,
    "STE50": 0.020833333333333332,
    "PTC3": 0.020833333333333332,
    "WSC2": 0.015625,
    "MRE11": 0.014732965009208104,
    "CST9": 0.014732965009208104,
    "YKU70": 0.013812154696132596,
    "REV3": 0.013812154696132596,
    "RAD24": 0.013812154696132596,
    "SRS2": 0.013812154696132596,
    "MSH2": 0.01289134438305709,
    "PCH2": 0.01289134438305709,
    "RAD14": 0.011049723756906077,
    "REV1": 0.011049723756906077,
    "RAD9": 0.011049723756906077,
    "RAD10": 0.011049723756906077,
    "DUN1": 0.011049723756906077,
    "YKU80": 0.011049723756906077,
    "MRC1": 0.011049723756906077,
    "TDP1": 0.011049723756906077,
    "RRM3": 0.011049723756906077,
    "DNL4": 0.009208103130755065,
    "RED1": 0.009208103130755065,
    "HFM1": 0.009208103130755065,
    "OGG1": 0.008287292817679558,
    "SAE2": 0.008287292817679558,
    "TOF1": 0.008287292817679558,
    "RMI1": 0.007366482504604052,
    "APN2": 0.007366482504604052,
    "DIN7": 0.007366482504604052,
    "CSM3": 0.007366482504604052,
    "TOP1": 0.007366482504604052,
    "ZIP1": 0.006445672191528545,
    "SLX1": 0.006445672191528545,
    "PMS1": 0.006445672191528545,
    "SPO22": 0.006445672191528545,
    "MHF2": 0.006445672191528545,
    "MHF1": 0.006445672191528545,
    "UNG1": 0.0055248618784530384,
    "RAD2": 0.0055248618784530384,
    "DDC1": 0.0055248618784530384,
    "PIF1": 0.0055248618784530384,
    "PSO2": 0.0055248618784530384,
    "RAD18": 0.0055248618784530384,
    "ZIP2": 0.0055248618784530384,
    "STE5": 0.005208333333333333,
    "FUS1": 0.005208333333333333,
    "MSH3": 0.003683241252302026,
    "CTF4": 0.003683241252302026,
    "CTF18": 0.003683241252302026,
    "RAD4": 0.003683241252302026,
    "RAD17": 0.003683241252302026,
    "APN1": 0.0027624309392265192,
    "RAD6": 0.0027624309392265192,
    "RTT107": 0.0027624309392265192,
    "EST2": 0.0027624309392265192,
    "ELG1": 0.0027624309392265192,
    "UBC13": 0.0027624309392265192,
    "TPP1": 0.0027624309392265192,
    "SML1": 0.0027624309392265192,
    "NFI1": 0.0027624309392265192,
    "MMS1": 0.0027624309392265192,
    "REC104": 0.0027624309392265192,
    "REC102": 0.0027624309392265192,
    "REC114": 0.0027624309392265192,
    "SLX4": 0.001841620626151013,
    "RAD5": 0.001841620626151013,
    "DCC1": 0.001841620626151013,
    "EST1": 0.001841620626151013,
    "RAD23": 0.001841620626151013,
    "MMS2": 0.001841620626151013,
    "RAD26": 0.001841620626151013,
    "HOP2": 0.001841620626151013,
    "NTG2": 0.0009208103130755065,
    "RAD7": 0.0009208103130755065,
    "RNH201": 0.0009208103130755065,
    "RAD30": 0.0009208103130755065,
    "MGS1": 0.0009208103130755065,
    "REV7": 0.0009208103130755065,
    "MEK1": 0.0009208103130755065,
    "RIF2": 0.0009208103130755065,
    "RIF1": 0.0009208103130755065,
    "NEJ1": 0.0009208103130755065,
    "LIF1": 0.0009208103130755065,
    "RAD34": 0.0009208103130755065,
    "MGT1": 0.0009208103130755065,
    "MID2": 0.0,
    "SLG1": 0.0,
    "STE18": 0.0,
    "STE4": 0.0,
    "SST2": 0.0,
    "FUS2": 0.0,
    "NBP2": 0.0,
    "ACA1": 0.0,
    "SKO1": 0.0,
    "PTC1": 0.0,
    "PTP2": 0.0,
    "PTP1": 0.0,
    "MKK1": 0.0,
    "RLM1": 0.0,
    "SDP1": 0.0,
    "DIG1": 0.0,
    "DIG2": 0.0,
    "MKK2": 0.0,
    "PAA1": 0.0,
    "PTC7": 0.0,
    "MTL1": 0.0,
    "ROM1": 0.0,
    "WSC3": 0.0,
    "SMP1": 0.0,
    "RCK2": 0.0,
    "HOT1": 0.0,
    "SSK2": 0.0,
    "SSK22": 0.0,
    "OPY2": 0.0,
    "FPS1": 0.0,
    "AHK1": 0.0,
    "STL1": 0.0,
    "RCK1": 0.0,
    "YGL108C": 0.0,
    "ASK10": 0.0,
    "RGC1": 0.0,
    "SCEI": 0.0,
    "NTG1": 0.0,
    "CHK1": 0.0,
    "RAD54": 0.0,
    "FUN30": 0.0,
    "SAW1": 0.0,
    "MMS4": 0.0,
    "RAD55": 0.0,
    "RDH54": 0.0,
    "RAD59": 0.0,
    "TOP3": 0.0,
    "MEC3": 0.0,
    "POL32": 0.0,
    "RAD50": 0.0,
    "RNH1": 0.0,
    "RAD16": 0.0,
    "RAD57": 0.0,
    "MSH6": 0.0,
    "POL4": 0.0,
    "HNT3": 0.0,
    "MAG1": 0.0,
    "DIA2": 0.0,
    "MLH3": 0.0,
    "XRS2": 0.0,
    "SMC6": 0.0,
    "MMS22": 0.0,
    "ULS1": 0.0,
    "HED1": 0.0,
    "CTF8": 0.0,
    "YEN1": 0.0,
    "CHL1": 0.0,
    "SIZ1": 0.0,
    "ESC2": 0.0,
    "WIP1": 0.0,
    "SHU1": 0.0,
    "SHU2": 0.0,
    "CSM2": 0.0,
    "PSY3": 0.0,
    "WTM1": 0.0,
    "HUG1": 0.0,
    "DIF1": 0.0,
    "CRT10": 0.0,
    "EST3": 0.0,
    "MER1": 0.0,
    "REC107": 0.0,
    "WSS1": 0.0,
    "HIM1": 0.0,
    "IRC20": 0.0,
    "MSH1": 0.0,
    "MLH2": 0.0,
    "REC8": 0.0,
    "DEF1": 0.0,
    "SPO16": 0.0,
    "MTE1": 0.0,
    "CSM4": 0.0,
    "ECM11": 0.0,
    "NDJ1": 0.0,
    "GMC2": 0.0,
    "HRQ1": 0.0,
    "RAD33": 0.0,
    "MEI4": 0.0
}