{
    "MRPL50": 0.9997745208568207,
    "SDP1": 0.9943502824858758,
    "PUF3": 0.7576099210822999,
    "HOG1": 0.2033898305084746,
    "SLT2": 0.1751412429378531,
    "FUS3": 0.13559322033898305,
    "KSS1": 0.13559322033898305,
    "PTP2": 0.10734463276836158,
    "AIM11": 0.07846674182638105,
    "YBL059W": 0.07576099210823,
    "MKK1": 0.07344632768361582,
    "KDX1": 0.062146892655367235,
    "RLM1": 0.05649717514124294,
    "FMP10": 0.038556933483652765,
    "PBS2": 0.03389830508474576,
    "SHO1": 0.02824858757062147,
    "COA4": 0.027508455467869224,
    "GEP7": 0.025704622322435176,
    "MRPL32": 0.020744081172491543,
    "MRP20": 0.020067643742953778,
    "RTC6": 0.020067643742953778,
    "MRPL9": 0.020067643742953778,
    "RSM18": 0.01984216459977452,
    "MRPL8": 0.019616685456595263,
    "MRP10": 0.01939120631341601,
    "MRPL39": 0.01939120631341601,
    "MRPL10": 0.01939120631341601,
    "RSM23": 0.019165727170236752,
    "RSM22": 0.0189402480270575,
    "MRPL23": 0.0189402480270575,
    "MRPS5": 0.01871476888387824,
    "MRP17": 0.01871476888387824,
    "MRPS9": 0.018489289740698984,
    "RSM7": 0.018038331454340473,
    "MRP7": 0.018038331454340473,
    "MRPS17": 0.018038331454340473,
    "EHD3": 0.01781285231116122,
    "RSM28": 0.01758737316798196,
    "MRPL24": 0.017361894024802704,
    "MRPS12": 0.017361894024802704,
    "RSM19": 0.01713641488162345,
    "PET123": 0.01713641488162345,
    "MRPL17": 0.01713641488162345,
    "QRI5": 0.01713641488162345,
    "PTC3": 0.01694915254237288,
    "PTC2": 0.01694915254237288,
    "WSC2": 0.01694915254237288,
    "IMG1": 0.016910935738444193,
    "YNL122C": 0.016910935738444193,
    "MRP2": 0.016910935738444193,
    "MRP4": 0.016910935738444193,
    "MRPL27": 0.01668545659526494,
    "SHY1": 0.016459977452085682,
    "MRPS8": 0.016459977452085682,
    "MRPL16": 0.016234498308906425,
    "MRPL7": 0.01600901916572717,
    "RSM24": 0.01600901916572717,
    "MRPL3": 0.01600901916572717,
    "MRPL38": 0.01600901916572717,
    "MRP1": 0.015783540022547914,
    "MRP21": 0.015783540022547914,
    "RSM26": 0.015783540022547914,
    "MRPS35": 0.015558060879368658,
    "MRPL22": 0.015558060879368658,
    "MRPL1": 0.015558060879368658,
    "MRPL35": 0.015332581736189402,
    "RSM25": 0.015332581736189402,
    "MRP13": 0.014881623449830891,
    "MRPL20": 0.014881623449830891,
    "MRPL31": 0.014881623449830891,
    "MRPL6": 0.014881623449830891,
    "MRPL33": 0.014881623449830891,
    "MRP51": 0.014881623449830891,
    "FYV4": 0.014656144306651634,
    "MRPL25": 0.014656144306651634,
    "MRX14": 0.014205186020293123,
    "MHR1": 0.013754227733934612,
    "MRPL13": 0.013754227733934612,
    "MRPL49": 0.013754227733934612,
    "CMC1": 0.013754227733934612,
    "MRP49": 0.013754227733934612,
    "MZM1": 0.013077790304396843,
    "SRO9": 0.012852311161217588,
    "GUF1": 0.012852311161217588,
    "PET309": 0.012626832018038332,
    "MRPL11": 0.01217587373167982,
    "OPY2": 0.011299435028248588,
    "MRPL4": 0.010146561443066516,
    "COX19": 0.00947012401352875,
    "SCO1": 0.008117249154453212,
    "RML2": 0.006313416009019166,
    "COX17": 0.005411499436302142,
    "MRPS16": 0.005411499436302142,
    "MEF1": 0.005186020293122886,
    "MRPS28": 0.004284103720405863,
    "VAR1": 0.003156708004509583,
    "YGR161W-C": 0.003156708004509583,
    "IMG2": 0.002931228861330327,
    "ATP12": 0.002705749718151071,
    "PET191": 0.002705749718151071,
    "YGR021W": 0.002705749718151071,
    "CBP3": 0.002254791431792559,
    "MTG2": 0.002254791431792559,
    "MRPL28": 0.002029312288613303,
    "RSM27": 0.002029312288613303,
    "MSS51": 0.0018038331454340473,
    "MRPL51": 0.0018038331454340473,
    "PET54": 0.0013528748590755355,
    "MRPL36": 0.0013528748590755355,
    "SWS2": 0.0013528748590755355,
    "MRPL40": 0.0011273957158962795,
    "PET122": 0.0009019165727170237,
    "MRH4": 0.0009019165727170237,
    "CBP6": 0.0006764374295377678,
    "ATP22": 0.00045095828635851183,
    "MNE1": 0.00045095828635851183,
    "AEP3": 0.00045095828635851183,
    "CBS2": 0.00045095828635851183,
    "MRPL15": 0.00045095828635851183,
    "RMD9": 0.00045095828635851183,
    "YOR020W-A": 0.00022547914317925591,
    "ATP11": 0.00022547914317925591,
    "MRM1": 0.00022547914317925591,
    "MID2": 0.0,
    "SLG1": 0.0,
    "STE20": 0.0,
    "STE11": 0.0,
    "MSB2": 0.0,
    "STE18": 0.0,
    "STE4": 0.0,
    "STE5": 0.0,
    "SST2": 0.0,
    "STE7": 0.0,
    "FUS2": 0.0,
    "NBP2": 0.0,
    "ACA1": 0.0,
    "SKO1": 0.0,
    "STE50": 0.0,
    "PTC1": 0.0,
    "PTP1": 0.0,
    "SSK1": 0.0,
    "DIG1": 0.0,
    "MSG5": 0.0,
    "PTP3": 0.0,
    "DIG2": 0.0,
    "FUS1": 0.0,
    "MKK2": 0.0,
    "BCK1": 0.0,
    "PAA1": 0.0,
    "PTC7": 0.0,
    "MTL1": 0.0,
    "ROM1": 0.0,
    "WSC3": 0.0,
    "SMP1": 0.0,
    "SMK1": 0.0,
    "RCK2": 0.0,
    "HOT1": 0.0,
    "SSK2": 0.0,
    "SSK22": 0.0,
    "FPS1": 0.0,
    "AHK1": 0.0,
    "STL1": 0.0,
    "RCK1": 0.0,
    "YGL108C": 0.0,
    "ASK10": 0.0,
    "RGC1": 0.0,
    "MRS1": 0.0,
    "AI5_BETA": 0.0,
    "COX14": 0.0,
    "COA1": 0.0,
    "SUV3": 0.0,
    "MSS18": 0.0,
    "MDM38": 0.0,
    "IFM1": 0.0,
    "BCS1": 0.0,
    "CBP4": 0.0,
    "YJR115W": 0.0,
    "YMR31": 0.0,
    "COA6": 0.0,
    "PET111": 0.0,
    "MRF1": 0.0,
    "PET494": 0.0,
    "PET127": 0.0,
    "VTS1": 0.0,
    "CLU1": 0.0,
    "GEP3": 0.0,
    "MRM2": 0.0,
    "LSM12": 0.0,
    "MRPL19": 0.0,
    "PUB1": 0.0,
    "MRPL44": 0.0,
    "TUF1": 0.0,
    "RRF1": 0.0,
    "YLR179C": 0.0,
    "PTH4": 0.0,
    "MRPL37": 0.0,
    "RCF3": 0.0,
    "CMC2": 0.0,
    "CCS1": 0.0,
    "MIX14": 0.0,
    "MIX17": 0.0,
    "YIL077C": 0.0,
    "YKL133C": 0.0,
    "YBR230W-A": 0.0,
    "COA2": 0.0,
    "SBP1": 0.0,
    "PET117": 0.0,
    "YPR078C": 0.0,
    "YNR040W": 0.0,
    "OMS1": 0.0,
    "AIM18": 0.0,
    "YDR381C-A": 0.0,
    "YDR286C": 0.0,
    "SDH7": 0.0,
    "MPM1": 0.0,
    "PBP4": 0.0,
    "BRE5": 0.0,
    "MDL2": 0.0,
    "MSC6": 0.0,
    "FMP25": 0.0,
    "FMC1": 0.0,
    "AIM36": 0.0,
    "MRX1": 0.0,
    "YLL032C": 0.0,
    "COS6": 0.0,
    "YLF2": 0.0,
    "NCE101": 0.0,
    "CUB1": 0.0,
    "ECM19": 0.0
}