{
    "HOG1": 0.6527707577080366,
    "CTT1": 0.5059389790010569,
    "HSP12": 0.2283003262417865,
    "TPS1": 0.19850204475485916,
    "PTC1": 0.18824380829848825,
    "SKO1": 0.12016955382989478,
    "SLT2": 0.06957910214584387,
    "FUS3": 0.05895326931029729,
    "RGI1": 0.05435831457060148,
    "MKK1": 0.0498897210862473,
    "KSS1": 0.04963699857556403,
    "SHO1": 0.04961402380186555,
    "BCK1": 0.04947617515967468,
    "ALD3": 0.04602995910490282,
    "TFS1": 0.04274456646602031,
    "GLK1": 0.04096402150438818,
    "DCS2": 0.04086063502274503,
    "GAD1": 0.03940173689289161,
    "WSC2": 0.03771309102605339,
    "PFK26": 0.03708128474934522,
    "STF2": 0.03685153701236043,
    "STE11": 0.03677112530441575,
    "STE5": 0.03567982355373799,
    "SOL4": 0.03470339567155264,
    "PGM2": 0.03248633000964941,
    "CTA1": 0.028488719386114046,
    "RTC3": 0.028052198685842945,
    "OM45": 0.026995359095712906,
    "TSL1": 0.025570923126407206,
    "GLC3": 0.02395120158066443,
    "STE20": 0.023905252033267474,
    "STE7": 0.023847815099021275,
    "RLM1": 0.023847815099021275,
    "STE4": 0.02369847906998116,
    "MKK2": 0.019126499103983827,
    "STE50": 0.019034600009189908,
    "ALD2": 0.01849469282727565,
    "ALD5": 0.01849469282727565,
    "HSP42": 0.01758718926618573,
    "PNC1": 0.017426365850296374,
    "GSY2": 0.016679685705095804,
    "HXK1": 0.016484400128658733,
    "STL1": 0.01555392179387033,
    "PBS2": 0.015427560538528695,
    "GPH1": 0.013164545329228507,
    "PTC2": 0.012245554381289344,
    "UIP4": 0.011946882323209116,
    "PTC3": 0.011809033681018242,
    "FMP16": 0.010281211230069384,
    "DDR2": 0.010017001332536874,
    "ALD4": 0.009442631990074897,
    "TPS2": 0.009086522997748472,
    "GPG1": 0.008316868078849423,
    "MSG5": 0.007926296925975278,
    "NTH1": 0.007845885218030603,
    "GRE3": 0.007283003262417865,
    "RTN2": 0.006984331204337637,
    "HSP26": 0.005548407848182695,
    "EMI2": 0.005307172724348665,
    "YLR345W": 0.005180811469007031,
    "SPI1": 0.005088912374213114,
    "OPY2": 0.0048706520240775625,
    "SYM1": 0.004847677250379084,
    "GDB1": 0.004836189863529844,
    "IGD1": 0.004066534944630796,
    "XBP1": 0.0038023250470982863,
    "GPX1": 0.0038023250470982863,
    "SIP18": 0.0032968800257317465,
    "NNR2": 0.003182006157239351,
    "HXT5": 0.003182006157239351,
    "GRE1": 0.003182006157239351,
    "HBT1": 0.003182006157239351,
    "AIM17": 0.0031705187703901117,
    "YJR096W": 0.0028029223912144465,
    "GSY1": 0.0023664016909433444,
    "BDH2": 0.00222855304875247,
    "YNL194C": 0.0022170656619032304,
    "GOR1": 0.002021780085466158,
    "PHM7": 0.0019643431512199605,
    "PTP2": 0.0019413683775214815,
    "SSK1": 0.0019413683775214815,
    "PTP3": 0.0019413683775214815,
    "YBR116C": 0.0018494692827275652,
    "KDX1": 0.0018379818958783256,
    "SSK2": 0.0017231080273859302,
    "YKL091C": 0.001654183706290493,
    "PIC2": 0.0015852593851950559,
    "PFK2": 0.001332536874511786,
    "NBP2": 0.0010913017506777559,
    "PTC7": 0.0008730414005422046,
    "NTH2": 0.0008041170794467674,
    "GLG2": 0.0008041170794467674,
    "TPS3": 0.0007811423057482884,
    "PRX1": 0.0006203188898589349,
    "HYR1": 0.0006203188898589349,
    "SOD1": 0.0006203188898589349,
    "YMR090W": 0.0005284197950650186,
    "YHR138C": 0.0005169324082157791,
    "PTP1": 0.0004365207002711023,
    "YLR252W": 0.00041354592657262323,
    "GRX2": 0.00036759637917566513,
    "GRX1": 0.00036759637917566513,
    "SRX1": 0.000321646831778707,
    "HOR7": 0.0002756972843817488,
    "MSB2": 0.00014933602904011395,
    "ACA1": 0.00014933602904011395,
    "SMP1": 0.00014933602904011395,
    "HOT1": 0.00014933602904011395,
    "FPS1": 0.00014933602904011395,
    "GCY1": 0.00011487386849239535,
    "YDL124W": 0.00011487386849239535,
    "SDP1": 9.189909479391628e-05,
    "ASK10": 9.189909479391628e-05,
    "DCS1": 9.189909479391628e-05,
    "PDC1": 6.89243210954372e-05,
    "PDC6": 6.89243210954372e-05,
    "PDC5": 6.89243210954372e-05,
    "PGM1": 4.594954739695814e-05,
    "YMR196W": 4.594954739695814e-05,
    "YHL012W": 2.297477369847907e-05,
    "GLG1": 2.297477369847907e-05,
    "MID2": 0.0,
    "SLG1": 0.0,
    "STE18": 0.0,
    "SST2": 0.0,
    "FUS2": 0.0,
    "DIG1": 0.0,
    "DIG2": 0.0,
    "FUS1": 0.0,
    "PAA1": 0.0,
    "MTL1": 0.0,
    "ROM1": 0.0,
    "WSC3": 0.0,
    "SMK1": 0.0,
    "RCK2": 0.0,
    "SSK22": 0.0,
    "AHK1": 0.0,
    "RCK1": 0.0,
    "YGL108C": 0.0,
    "RGC1": 0.0,
    "TSA1": 0.0,
    "GSH1": 0.0,
    "GSH2": 0.0,
    "TRR2": 0.0,
    "FBP26": 0.0,
    "THI3": 0.0,
    "ADH2": 0.0,
    "ADH1": 0.0,
    "ALD6": 0.0,
    "HFD1": 0.0,
    "BDH1": 0.0,
    "FMP45": 0.0,
    "YAK1": 0.0,
    "SOD2": 0.0,
    "YBL029C-A": 0.0,
    "YBR085C-A": 0.0,
    "MCR1": 0.0,
    "TMA10": 0.0,
    "PBI2": 0.0,
    "TRX1": 0.0,
    "DOT5": 0.0,
    "GPX2": 0.0,
    "CCP1": 0.0,
    "TRX3": 0.0,
    "AHP1": 0.0,
    "TRX2": 0.0,
    "GLR1": 0.0,
    "YBR056W": 0.0,
    "ATH1": 0.0,
    "YBR139W": 0.0,
    "EGO4": 0.0,
    "USV1": 0.0,
    "PAI3": 0.0,
    "YPL247C": 0.0,
    "ADH5": 0.0,
    "ADH4": 0.0,
    "STF1": 0.0,
    "TSA2": 0.0,
    "ADH3": 0.0,
    "UGX2": 0.0,
    "YDR034W-B": 0.0,
    "MHO1": 0.0,
    "PIG2": 0.0,
    "YEF1": 0.0,
    "PFK27": 0.0,
    "YER067C-A": 0.0,
    "FMP46": 0.0
}