{
    "LSC1": 0.7353411376411737,
    "MRPS5": 0.4142643494404621,
    "MRPL11": 0.19818472487236347,
    "TUF1": 0.16564385539683357,
    "YMR31": 0.1598164096745913,
    "KGD1": 0.12908050126347276,
    "PCK1": 0.08875251405291114,
    "MRPL16": 0.07209530194420091,
    "SDH5": 0.0707029034087979,
    "FUM1": 0.07013562993141148,
    "MDH2": 0.0677118250734877,
    "MDH1": 0.05940900417719561,
    "MDH3": 0.05889330101593523,
    "MRPS16": 0.05853230880305296,
    "SDH2": 0.05744933216440617,
    "CIT1": 0.04842452684234955,
    "CIT3": 0.04842452684234955,
    "CIT2": 0.04821824557784539,
    "MRP17": 0.04491774534577897,
    "MRPL9": 0.0437316280748801,
    "IDH1": 0.03150946315300913,
    "SDH4": 0.029859213036975918,
    "SDH1": 0.029652931772471764,
    "YJL045W": 0.02954979114021969,
    "SHH3": 0.018874735702129854,
    "SHH4": 0.018668454437625704,
    "RSM7": 0.015161672941055129,
    "MRPS28": 0.015161672941055129,
    "IMG1": 0.01464596977979475,
    "MRPL10": 0.014594399463668712,
    "MRPL1": 0.014594399463668712,
    "MRPL28": 0.014542829147542674,
    "MRPL4": 0.014542829147542674,
    "RSM22": 0.0144396885152906,
    "MRPL38": 0.010468774173585684,
    "MRPL37": 0.010468774173585684,
    "KGD2": 0.0072198442576453,
    "MRP21": 0.00696199267701511,
    "RSM18": 0.00696199267701511,
    "MRPS9": 0.006807281728636996,
    "MRPL8": 0.006755711412510959,
    "MRP7": 0.006755711412510959,
    "MHR1": 0.006394719199628694,
    "MRPL15": 0.006394719199628694,
    "PTH4": 0.0026300861224279304,
    "UGA2": 0.0016502501160332113,
    "MRPS8": 0.0001031406322520757,
    "RSM19": 0.0001031406322520757,
    "RTC6": 0.0001031406322520757,
    "YNL122C": 0.0001031406322520757,
    "MRPL24": 0.0001031406322520757,
    "MRPL7": 0.0001031406322520757,
    "MRP4": 0.0001031406322520757,
    "MRPL32": 0.0001031406322520757,
    "VAR1": 5.157031612603785e-05,
    "MRP1": 5.157031612603785e-05,
    "MRP13": 5.157031612603785e-05,
    "MRP20": 5.157031612603785e-05,
    "MRP10": 5.157031612603785e-05,
    "PET123": 5.157031612603785e-05,
    "MRPS12": 5.157031612603785e-05,
    "MRP2": 5.157031612603785e-05,
    "MRPL51": 5.157031612603785e-05,
    "MRPS35": 5.157031612603785e-05,
    "RSM24": 5.157031612603785e-05,
    "MRX14": 5.157031612603785e-05,
    "RSM27": 5.157031612603785e-05,
    "MRPL3": 5.157031612603785e-05,
    "MRPL23": 5.157031612603785e-05,
    "MRPL39": 5.157031612603785e-05,
    "RSM23": 5.157031612603785e-05,
    "MRP51": 5.157031612603785e-05,
    "RML2": 5.157031612603785e-05,
    "RSM25": 5.157031612603785e-05,
    "MRPS17": 5.157031612603785e-05,
    "RSM26": 5.157031612603785e-05,
    "RSM28": 5.157031612603785e-05,
    "MRPL19": 5.157031612603785e-05,
    "PYC2": 0.0,
    "PYC1": 0.0,
    "FDH1": 0.0,
    "ACO2": 0.0,
    "ERT1": 0.0,
    "FMP41": 0.0,
    "FRD1": 0.0,
    "OSM1": 0.0,
    "MRPL36": 0.0,
    "SWS2": 0.0,
    "MRPL35": 0.0,
    "MRPL20": 0.0,
    "MRPL31": 0.0,
    "IMG2": 0.0,
    "MRPL40": 0.0,
    "EHD3": 0.0,
    "MRPL6": 0.0,
    "MRPL22": 0.0,
    "MRPL13": 0.0,
    "FYV4": 0.0,
    "MRPL33": 0.0,
    "MRPL17": 0.0,
    "MRPL49": 0.0,
    "MRPL50": 0.0,
    "MRPL27": 0.0,
    "MRPL25": 0.0,
    "MRPL44": 0.0,
    "MRF1": 0.0,
    "GUF1": 0.0,
    "RRF1": 0.0,
    "YER156C": 0.0,
    "RIM1": 0.0,
    "ATP25": 0.0,
    "MEF2": 0.0,
    "YJR115W": 0.0,
    "YOR318C": 0.0
}