{
    "FUM1": 0.4909755287343594,
    "NQM1": 0.2227881740671022,
    "TKL2": 0.2159229321226885,
    "PCK1": 0.14926364743660725,
    "TAL1": 0.11980954490089692,
    "PFK1": 0.11848078839552652,
    "TKL1": 0.10607906101206954,
    "PYK2": 0.08481895692614329,
    "GND2": 0.08238290333296423,
    "GND1": 0.08238290333296423,
    "ALD4": 0.07108847303731591,
    "SDH1": 0.06865241944413686,
    "KGD1": 0.06311593400509356,
    "ENO1": 0.05259661167091131,
    "SDH2": 0.04894253128114273,
    "MDH2": 0.045509910308935884,
    "MDH1": 0.03820174952939874,
    "CIT1": 0.03598715535378142,
    "TDH1": 0.03532277710109622,
    "TDH2": 0.03432620972206843,
    "ERR3": 0.028568264865463405,
    "ENO2": 0.028568264865463405,
    "YEF1": 0.028457535156682538,
    "POS5": 0.028457535156682538,
    "YNL195C": 0.027460967777654745,
    "SOL3": 0.027460967777654745,
    "ERR1": 0.027350238068873878,
    "IDH1": 0.017938212822500278,
    "KGD2": 0.017938212822500278,
    "SDH4": 0.01539142952054036,
    "FMP16": 0.013730483888827373,
    "HXT5": 0.013730483888827373,
    "FMP45": 0.013730483888827373,
    "PHM7": 0.013730483888827373,
    "MDH3": 0.013619754180046507,
    "YJL045W": 0.012844646218580445,
    "ERR2": 0.00841545786734581,
    "PYC2": 0.008193998449784077,
    "PYC1": 0.008193998449784077,
    "UGA2": 0.005868674565385893,
    "CIT3": 0.003321891263425977,
    "CIT2": 0.0022145941756173183,
    "LSC1": 0.0015502159229321226,
    "ACO2": 0.0006643782526851954,
    "YOR283W": 0.00044291883512346365,
    "TDH3": 0.00011072970878086591,
    "SDH5": 0.0,
    "SHH3": 0.0,
    "SHH4": 0.0,
    "FDH1": 0.0,
    "ERT1": 0.0,
    "YMR31": 0.0,
    "FMP41": 0.0,
    "FRD1": 0.0,
    "OSM1": 0.0,
    "ALD6": 0.0,
    "ALD2": 0.0,
    "ALD3": 0.0,
    "HFD1": 0.0,
    "ALD5": 0.0,
    "YNL194C": 0.0,
    "YBR116C": 0.0,
    "GRE1": 0.0,
    "SIP18": 0.0,
    "PAI3": 0.0,
    "HBT1": 0.0,
    "RPE1": 0.0,
    "GPM2": 0.0,
    "GPM3": 0.0,
    "XYL2": 0.0,
    "XKS1": 0.0,
    "SOL2": 0.0,
    "YDR248C": 0.0,
    "SOL1": 0.0,
    "PHO13": 0.0,
    "SPG1": 0.0,
    "SHB17": 0.0
}