{
    "ATP2": 0.28751733210082836,
    "ATP1": 0.2735094393287588,
    "SDH2": 0.1680947132648345,
    "ATP3": 0.15024709354001492,
    "MDH1": 0.11142318768443132,
    "FUM1": 0.08838482596793117,
    "VMA6": 0.08557613680804921,
    "ATP5": 0.08450954598784087,
    "PCK1": 0.08198528104668112,
    "RAV1": 0.08006541757030611,
    "MDH2": 0.07747004657446581,
    "ATP4": 0.06776407011056991,
    "MDH3": 0.06673303231770185,
    "VMA8": 0.05859138905677819,
    "CIT1": 0.05720482099050734,
    "VMA11": 0.05667152558040317,
    "VMA21": 0.0511252533153198,
    "VMA10": 0.048849859565542005,
    "VMA2": 0.04760550360863228,
    "VMA5": 0.04760550360863228,
    "VMA4": 0.04760550360863228,
    "STV1": 0.04760550360863228,
    "VMA13": 0.04760550360863228,
    "VMA7": 0.04760550360863228,
    "VMA16": 0.0472499733352295,
    "VMA3": 0.0472499733352295,
    "KGD1": 0.045472321968215594,
    "OLI1": 0.04341024638247947,
    "ATP7": 0.03861058769154194,
    "CIT2": 0.03761510292601415,
    "VPH1": 0.03487751982081274,
    "LSC1": 0.02968677782913215,
    "YJL045W": 0.028833505172965478,
    "SDH1": 0.02876239911828492,
    "VMA1": 0.02862018700892381,
    "IDH1": 0.025775944821701566,
    "ATP6": 0.02552707363031962,
    "SHH3": 0.020123013474597364,
    "CIT3": 0.01838091513492374,
    "ATP20": 0.017385430369395955,
    "SDH4": 0.01422121093611121,
    "KGD2": 0.012834642869840367,
    "ATP14": 0.005048529882319479,
    "ATP19": 0.005048529882319479,
    "UGA2": 0.0009243787108472286,
    "MIR1": 0.00024887119138194616,
    "PYC2": 0.00010665908202083408,
    "PYC1": 0.00010665908202083408,
    "ACO2": 0.00010665908202083408,
    "SHH4": 7.110605468055606e-05,
    "SDH5": 0.0,
    "FDH1": 0.0,
    "ERT1": 0.0,
    "YMR31": 0.0,
    "FMP41": 0.0,
    "FRD1": 0.0,
    "OSM1": 0.0,
    "ATP8": 0.0,
    "ATP18": 0.0,
    "ATP15": 0.0,
    "ATP17": 0.0,
    "TIM11": 0.0,
    "AEP1": 0.0,
    "AEP2": 0.0,
    "AAC3": 0.0,
    "MSC7": 0.0,
    "VMA9": 0.0,
    "YPR170W-B": 0.0,
    "VOA1": 0.0,
    "RAV2": 0.0,
    "VMA22": 0.0,
    "PKR1": 0.0,
    "VPH2": 0.0,
    "YLR294C": 0.0
}