{
    "TRP3": 0.2310096905282901,
    "TRP5": 0.17536730228196312,
    "HIS4": 0.1172241325414192,
    "LEU2": 0.10690840887777431,
    "URA3": 0.09721788058768364,
    "TRP1": 0.09159112222569553,
    "LYS2": 0.0856517661769303,
    "HIS5": 0.08283838699593624,
    "HIS3": 0.05626758361988121,
    "HIS7": 0.045639262269459205,
    "GAL1": 0.037199124726477024,
    "TRP4": 0.0315723663644889,
    "ILV6": 0.022507033447952487,
    "ADE2": 0.02188183807439825,
    "THR4": 0.021569240387621133,
    "HIS1": 0.021256642700844014,
    "ARO8": 0.021256642700844014,
    "LEU1": 0.020944045014066895,
    "GAL10": 0.02063144732728978,
    "TRP2": 0.019381056580181306,
    "ARO1": 0.018443263519849953,
    "LYS12": 0.018130665833072834,
    "HOM3": 0.01625507971241013,
    "ADE1": 0.01625507971241013,
    "GAL7": 0.01437949359174742,
    "GAL3": 0.01437949359174742,
    "BAT2": 0.013754298218193186,
    "ILV2": 0.012191309784307595,
    "CAN1": 0.01031572366364489,
    "LEU4": 0.01000312597686777,
    "ADE6": 0.009377930603313536,
    "ARO2": 0.0087527352297593,
    "ABZ1": 0.008440137542982182,
    "TYR1": 0.008127539856205065,
    "HIS6": 0.007502344482650828,
    "ARO4": 0.00718974679587371,
    "HOM2": 0.005001562988433885,
    "ARO7": 0.00437636761487965,
    "GAL2": 0.004063769928102532,
    "GAL4": 0.004063769928102532,
    "PHA2": 0.0034385745545482964,
    "LYS5": 0.0034385745545482964,
    "BAT1": 0.0025007814942169426,
    "ARO10": 0.0025007814942169426,
    "ARO3": 0.0025007814942169426,
    "HIS2": 0.002188183807439825,
    "ARO9": 0.0015629884338855893,
    "LEU9": 0.0,
    "SER2": 0.0,
    "ABZ2": 0.0,
    "GAL80": 0.0
}