{
    "EHD3": 0.9598205283323251,
    "ARO3": 0.9493345432546885,
    "TRP5": 0.1935370034281105,
    "TRP3": 0.16930496739934126,
    "PUF3": 0.15105532029306984,
    "ARO1": 0.07269610808630772,
    "MRPL11": 0.06945284667607717,
    "ARO2": 0.0625966256637763,
    "ARO4": 0.05007730053102104,
    "ARO8": 0.04938831753713786,
    "TRP2": 0.048464072057538485,
    "ARO9": 0.04285138132688042,
    "ARO7": 0.03765880217785844,
    "YOR020W-A": 0.03738993076561135,
    "ARO10": 0.03676816562478995,
    "RSM19": 0.032903139073737986,
    "TYR1": 0.030970625798212005,
    "MRPL9": 0.02503865026551052,
    "MRPL4": 0.02503865026551052,
    "COX17": 0.02456812529407811,
    "MRPL8": 0.023543053034886064,
    "MRPS16": 0.020282987161390067,
    "RML2": 0.019325132755259797,
    "MRPL10": 0.019056261343012703,
    "PHA2": 0.018552127445049405,
    "MRP20": 0.018098406936882437,
    "MRP7": 0.017829535524635343,
    "MRPS5": 0.017291792700141157,
    "MRPL32": 0.017291792700141157,
    "MRP17": 0.016065066881763797,
    "MRPS9": 0.016065066881763797,
    "MRPL23": 0.016065066881763797,
    "RSM23": 0.016065066881763797,
    "RTC6": 0.015796195469516702,
    "PET309": 0.015056799085837198,
    "MRPL24": 0.014838341063386435,
    "MRPL19": 0.014569469651139342,
    "MRPS28": 0.01430059823889225,
    "MRPL17": 0.013342743832761982,
    "IMG1": 0.013073872420514889,
    "RSM7": 0.013073872420514889,
    "MRPS12": 0.013073872420514889,
    "AIM18": 0.012250453720508167,
    "ABZ1": 0.012116018014384621,
    "YNL122C": 0.012116018014384621,
    "AIM11": 0.011645493042952208,
    "MRPL16": 0.011578275189890436,
    "MRP2": 0.011309403777643341,
    "MRPL7": 0.010351549371513074,
    "MRP4": 0.010351549371513074,
    "MRPL3": 0.010351549371513074,
    "MRPL39": 0.010351549371513074,
    "RSM18": 0.010351549371513074,
    "MRPS17": 0.010351549371513074,
    "MRPL38": 0.010351549371513074,
    "MRPL28": 0.01008267795926598,
    "CBP3": 0.009175236942932043,
    "MRH4": 0.009074410163339383,
    "MTG2": 0.009023996773543054,
    "MRPL51": 0.00885595214088862,
    "MRPL22": 0.00885595214088862,
    "RSM22": 0.008704711971499631,
    "PET123": 0.008704711971499631,
    "RSM28": 0.008704711971499631,
    "MRPS8": 0.008587080728641528,
    "MRPL1": 0.008587080728641528,
    "MRPL36": 0.007898097734758351,
    "IMG2": 0.007898097734758351,
    "MRPL27": 0.007898097734758351,
    "MRP10": 0.007629226322511259,
    "YBL059W": 0.0073603549102641665,
    "MRPL40": 0.0069402433286280835,
    "MRPL35": 0.006402500504133898,
    "RSM24": 0.006402500504133898,
    "MZM1": 0.006184042481683135,
    "SWS2": 0.006133629091886805,
    "MRP21": 0.006133629091886805,
    "ATP12": 0.006032802312294146,
    "COA4": 0.005982388922497815,
    "VAR1": 0.005713517510250722,
    "MRPL20": 0.004906903273509444,
    "MRPL31": 0.004906903273509444,
    "MRPL6": 0.004906903273509444,
    "FYV4": 0.004906903273509444,
    "RSM27": 0.004906903273509444,
    "MRPL33": 0.004906903273509444,
    "RSM26": 0.004906903273509444,
    "MRPL25": 0.004906903273509444,
    "MRS1": 0.004638031861262351,
    "PET54": 0.004486791691873362,
    "CBP6": 0.004486791691873362,
    "MRP1": 0.003949048867379176,
    "MRPS35": 0.0036801774551320833,
    "RSM25": 0.0036801774551320833,
    "FMP10": 0.0036801774551320833,
    "GEP7": 0.0031592390939033407,
    "BCS1": 0.0030920212408415675,
    "ATP11": 0.0030416078510452377,
    "CBS2": 0.0030416078510452377,
    "MRM1": 0.0030416078510452377,
    "SCO1": 0.0029911944612489075,
    "SHY1": 0.0029911944612489075,
    "MNE1": 0.0029911944612489075,
    "BAT2": 0.0026551051959400416,
    "MRPL15": 0.002453451636754722,
    "MRX14": 0.002453451636754722,
    "HIS5": 0.0019157088122605363,
    "MDM38": 0.0015460106204207838,
    "PET127": 0.0015460106204207838,
    "CMC1": 0.0015460106204207838,
    "SRO9": 0.0015460106204207838,
    "YNR040W": 0.0015460106204207838,
    "SDH7": 0.0015460106204207838,
    "QRI5": 0.0015460106204207838,
    "MRPL13": 0.0014955972306244538,
    "MRPL50": 0.0014955972306244538,
    "MRP13": 0.001226725818377361,
    "MRP51": 0.001226725818377361,
    "YGR021W": 0.00040330711837063924,
    "PTH4": 0.00035289372857430935,
    "RRF1": 0.00015124016938898973,
    "YGR161W-C": 5.0413389796329905e-05,
    "MRPL44": 5.0413389796329905e-05,
    "TUF1": 5.0413389796329905e-05,
    "MRPL37": 5.0413389796329905e-05,
    "YDR286C": 5.0413389796329905e-05,
    "BAT1": 0.0,
    "LEU9": 0.0,
    "LEU4": 0.0,
    "LEU1": 0.0,
    "ILV2": 0.0,
    "ILV6": 0.0,
    "TRP4": 0.0,
    "THR4": 0.0,
    "HIS4": 0.0,
    "HIS7": 0.0,
    "LYS12": 0.0,
    "HIS1": 0.0,
    "HOM3": 0.0,
    "HIS6": 0.0,
    "SER2": 0.0,
    "HOM2": 0.0,
    "ABZ2": 0.0,
    "ATP22": 0.0,
    "AI5_BETA": 0.0,
    "COX14": 0.0,
    "MSS51": 0.0,
    "COA1": 0.0,
    "SUV3": 0.0,
    "MSS18": 0.0,
    "AEP3": 0.0,
    "IFM1": 0.0,
    "MHR1": 0.0,
    "COX19": 0.0,
    "CBP4": 0.0,
    "YJR115W": 0.0,
    "MRPL49": 0.0,
    "YMR31": 0.0,
    "COA6": 0.0,
    "PET111": 0.0,
    "MRF1": 0.0,
    "PET122": 0.0,
    "PET494": 0.0,
    "VTS1": 0.0,
    "CLU1": 0.0,
    "GEP3": 0.0,
    "MRM2": 0.0,
    "LSM12": 0.0,
    "PUB1": 0.0,
    "MEF1": 0.0,
    "YLR179C": 0.0,
    "RCF3": 0.0,
    "CMC2": 0.0,
    "CCS1": 0.0,
    "MIX14": 0.0,
    "MIX17": 0.0,
    "YIL077C": 0.0,
    "YKL133C": 0.0,
    "YBR230W-A": 0.0,
    "RMD9": 0.0,
    "COA2": 0.0,
    "SBP1": 0.0,
    "PET191": 0.0,
    "PET117": 0.0,
    "YPR078C": 0.0,
    "MRP49": 0.0,
    "GUF1": 0.0,
    "OMS1": 0.0,
    "YDR381C-A": 0.0,
    "MPM1": 0.0,
    "PBP4": 0.0,
    "BRE5": 0.0,
    "MDL2": 0.0,
    "MSC6": 0.0,
    "FMP25": 0.0,
    "FMC1": 0.0,
    "AIM36": 0.0,
    "MRX1": 0.0,
    "YLL032C": 0.0,
    "COS6": 0.0,
    "YLF2": 0.0,
    "NCE101": 0.0,
    "CUB1": 0.0,
    "ECM19": 0.0
}