{
    "HOG1": 0.3524356467904855,
    "CTT1": 0.2456622678396872,
    "SSK1": 0.16552623004235908,
    "TPS1": 0.15254358097100032,
    "SOL4": 0.1224543825350277,
    "HSP12": 0.11309669273378951,
    "NTH1": 0.09599014336917562,
    "SDP1": 0.09500244379276637,
    "PTC1": 0.0863778918214402,
    "STE11": 0.07404692082111437,
    "SKO1": 0.07389418377321604,
    "TDH3": 0.06711265884652981,
    "YPL247C": 0.06619623655913978,
    "SLT2": 0.06145120560443141,
    "TDH1": 0.05892595307917889,
    "PGM2": 0.05676726946888237,
    "FPS1": 0.053529244053437605,
    "BCK1": 0.05118727598566308,
    "TDH2": 0.04925260671228413,
    "WSC2": 0.047256842619745845,
    "USV1": 0.045933121537960246,
    "MKK1": 0.045210166177908115,
    "TEC1": 0.03860174323884001,
    "TFS1": 0.03795006516780711,
    "NQM1": 0.0352211632453568,
    "RLM1": 0.034039996741609645,
    "TKL2": 0.03034376018246986,
    "DCS2": 0.027950879765395894,
    "STF2": 0.02584310850439883,
    "GLK1": 0.02581256109481916,
    "SHO1": 0.025578364288041708,
    "GAD1": 0.02410190615835777,
    "GLC3": 0.02230979146301727,
    "GRE3": 0.020375122189638318,
    "GND2": 0.019387422613229066,
    "OM45": 0.018481182795698926,
    "TKL1": 0.01842008797653959,
    "GPH1": 0.017167644183773215,
    "KSS1": 0.015976295210166178,
    "FUS3": 0.015599543825350276,
    "STL1": 0.014856223525578364,
    "PNC1": 0.014469289670902575,
    "SLG1": 0.013522319973932877,
    "RGI1": 0.013033561420658195,
    "TAL1": 0.01257535027696318,
    "DDR2": 0.012127321603128054,
    "RTC3": 0.011770935158031933,
    "GSY2": 0.011618198110133595,
    "PGM1": 0.010935972629521017,
    "STE7": 0.010508308895405669,
    "HSP42": 0.009917725643532094,
    "STE20": 0.009530791788856305,
    "STE50": 0.00921513522319974,
    "TSL1": 0.009164222873900294,
    "MKK2": 0.008960573476702509,
    "FMP16": 0.008257983056370153,
    "PBS2": 0.008115428478331703,
    "ALD3": 0.008074698598892148,
    "GDB1": 0.007606304985337244,
    "GND1": 0.006598240469208211,
    "DCS1": 0.0065065982404692085,
    "UIP4": 0.00635386119257087,
    "ENO1": 0.006313131313131313,
    "RTN2": 0.005895650048875855,
    "TPS2": 0.005814190289996741,
    "MID2": 0.005437438905180841,
    "KDX1": 0.005305066797002281,
    "SPI1": 0.00492831541218638,
    "GPG1": 0.004653388725969371,
    "YJR096W": 0.004398826979472141,
    "RPE1": 0.004347914630172695,
    "GPM2": 0.004225724991854024,
    "PTP2": 0.004042440534376018,
    "EMI2": 0.003838791137178234,
    "STE5": 0.003787878787878788,
    "GSY1": 0.0037267839687194527,
    "SYM1": 0.0036249592701205605,
    "HSP26": 0.00350276963180189,
    "YLR345W": 0.003472222222222222,
    "XKS1": 0.0034518572825024438,
    "NNR2": 0.0033703975236233303,
    "GOR1": 0.0033093027044639946,
    "NNR1": 0.0031565656565656565,
    "PTP3": 0.0029223688497882045,
    "PFK1": 0.0028205441511893123,
    "MSB2": 0.0027798142717497558,
    "STE4": 0.002759449332029977,
    "PYK2": 0.002688172043010753,
    "ENO2": 0.0024947051156728574,
    "GRE1": 0.0024437927663734115,
    "ERR3": 0.0023928804170739656,
    "PRS2": 0.00233178559791463,
    "HOR7": 0.0022706907787552947,
    "OPY2": 0.002240143369175627,
    "GCY1": 0.002219778429455849,
    "YHR138C": 0.002046676441837732,
    "HXT5": 0.002026311502117954,
    "PTP1": 0.0020161290322580645,
    "IGD1": 0.0019346692733789507,
    "PTC2": 0.0019041218637992831,
    "AIM17": 0.0017921146953405018,
    "YLR252W": 0.001659742587161942,
    "YBR056W": 0.0016291951775822744,
    "YKL091C": 0.0014866405995438254,
    "SMP1": 0.0014560931899641578,
    "YOR283W": 0.0014255457803844902,
    "SSK22": 0.0013542684913652656,
    "PIC2": 0.001333903551645487,
    "TMA17": 0.001323721081785598,
    "YMR196W": 0.0012626262626262627,
    "ARA1": 0.001140436624307592,
    "SMK1": 0.0010182469859889216,
    "TMA10": 0.0010182469859889216,
    "YMR090W": 0.000997882046269143,
    "PAI3": 0.0009876995764092537,
    "YNL194C": 0.0008960573476702509,
    "SSK2": 0.0008756924079504725,
    "GLG1": 0.0008451449983708048,
    "GLG2": 0.0008247800586510264,
    "XYL2": 0.0006924079504724666,
    "HBT1": 0.0006924079504724666,
    "PTC6": 0.0006007657217334636,
    "PHM7": 0.0005804007820136853,
    "YDR248C": 0.0005804007820136853,
    "YOR289W": 0.0005193059628543499,
    "XBP1": 0.0004683936135549039,
    "RNY1": 0.0004582111436950147,
    "PTC7": 0.00044802867383512545,
    "HOT1": 0.00041748126425545783,
    "STF1": 0.0004072987943955686,
    "PTC4": 0.00038693385467579016,
    "YBR116C": 0.00038693385467579016,
    "MCR1": 0.00037675138481590097,
    "PTC3": 0.0002749266862170088,
    "TPS3": 0.0002647442163571196,
    "DIG1": 0.0002138318670576735,
    "DIG2": 0.0002036493971977843,
    "NBP2": 0.00019346692733789508,
    "MSG5": 0.00015273704789833822,
    "ATH1": 0.00015273704789833822,
    "RBK1": 0.000142554578038449,
    "FMP45": 9.164222873900293e-05,
    "NTH2": 8.145975887911372e-05,
    "ACA1": 5.0912349299446074e-05,
    "ADH1": 3.0547409579667644e-05,
    "ASK10": 2.036493971977843e-05,
    "MTL1": 1.0182469859889215e-05,
    "WSC3": 1.0182469859889215e-05,
    "STE18": 0.0,
    "ROM1": 0.0,
    "RCK1": 0.0,
    "RCK2": 0.0,
    "AHK1": 0.0,
    "YGL108C": 0.0,
    "RGC1": 0.0,
    "YBR053C": 0.0,
    "SOL3": 0.0,
    "GPM3": 0.0,
    "GGA1": 0.0,
    "PRS4": 0.0,
    "YBR085C-A": 0.0,
    "FMP46": 0.0,
    "PBI2": 0.0,
    "PHO13": 0.0,
    "PRM15": 0.0,
    "PRS3": 0.0,
    "PRS5": 0.0,
    "PRS1": 0.0,
    "EGO4": 0.0,
    "MHO1": 0.0,
    "YJL144W": 0.0,
    "YDR034W-B": 0.0,
    "YDR391C": 0.0,
    "PIG2": 0.0,
    "YER067C-A": 0.0
}