{
    "SKO1": 0.2847188700232963,
    "GCN5": 0.20236321279408986,
    "RPD3": 0.17080823556572292,
    "HOG1": 0.1599051356853527,
    "SLT2": 0.15795328142380421,
    "SET2": 0.12875941822150397,
    "STE11": 0.11980817260268223,
    "HDA1": 0.10006925934476463,
    "RLM1": 0.09244023758054022,
    "SNF2": 0.08394022708670011,
    "HSL7": 0.07492601842718324,
    "HTB2": 0.0712636682267509,
    "HOS3": 0.055732784855289944,
    "HHT1": 0.04986672823052868,
    "SNT1": 0.04867043045732155,
    "SNF5": 0.04699141603878523,
    "KDX1": 0.046214871870212185,
    "SMP1": 0.03711671248976851,
    "HTZ1": 0.03244695363821437,
    "SWR1": 0.028679665036623503,
    "STE20": 0.028228429911641865,
    "HTA1": 0.025342623879782568,
    "BDF1": 0.024545092030977815,
    "CAC2": 0.023904967783910845,
    "SNF12": 0.023159905135685353,
    "TEC1": 0.022908052972904904,
    "HHF2": 0.022477805528154975,
    "UME6": 0.021491384557264886,
    "ACA1": 0.021239532394484437,
    "KSS1": 0.018532121644594623,
    "CHD1": 0.017766071316137427,
    "HAT2": 0.017608663714399647,
    "WSC2": 0.017356811551619198,
    "ISW1": 0.017021008667911935,
    "MSI1": 0.016160513778412072,
    "TAF14": 0.016066069217369403,
    "ARP8": 0.01582471089470481,
    "FUS3": 0.0157827355342414,
    "ASF1": 0.0142086595168636,
    "ASH1": 0.01341112766805885,
    "SHO1": 0.013180263185510105,
    "YAF9": 0.012403719016937058,
    "PTC1": 0.011700631729174975,
    "EAF3": 0.011658656368711566,
    "NHP10": 0.011333347325120155,
    "PBS2": 0.011196927403614079,
    "STE7": 0.01099754444141289,
    "ISW2": 0.010724704598400739,
    "HOS2": 0.010147543392028878,
    "SIF2": 0.00993766658971184,
    "RLF2": 0.009801246668205763,
    "SAS2": 0.009601863706004575,
    "RSC1": 0.008972233299053455,
    "VPS72": 0.008132726089785295,
    "SET1": 0.008132726089785295,
    "RSC2": 0.00810124456943774,
    "SIN3": 0.007880873927004848,
    "SAS3": 0.0074401326421390645,
    "SPT7": 0.007429638802023212,
    "SSK1": 0.0073666757613281,
    "PTP3": 0.006506180871828237,
    "RTT109": 0.0060339580666148975,
    "VPS71": 0.0057506243834868935,
    "RTT106": 0.005456796860243037,
    "SSK2": 0.005351858459084517,
    "SWD3": 0.004932104854450438,
    "PHO23": 0.00483766029340777,
    "BRE1": 0.00468025269166999,
    "MKK1": 0.00447037588935295,
    "BCK1": 0.00447037588935295,
    "HAT1": 0.00436543748819443,
    "SET3": 0.004323462127731022,
    "SPT10": 0.004270992927151762,
    "SSK22": 0.004145066845761538,
    "ARP6": 0.004145066845761538,
    "JHD2": 0.003620374839968938,
    "HOS1": 0.003431485717883602,
    "RCO1": 0.0031271643545238946,
    "SWC3": 0.0031166705144080424,
    "SWC5": 0.0030746951539446345,
    "SDP1": 0.0027703737905849265,
    "PTC3": 0.002717904590005667,
    "PTC4": 0.0026969169097739625,
    "PTC2": 0.002644447709194703,
    "HIR1": 0.002623460028962999,
    "HIR2": 0.0025814846684995905,
    "CTI6": 0.0025395093080361826,
    "PTP2": 0.002434570906877663,
    "STE4": 0.002371607866182551,
    "DEP1": 0.002319138665603291,
    "SMK1": 0.0022876571452557348,
    "SAP30": 0.002277163305139883,
    "NHP6A": 0.002130249543517955,
    "YNG2": 0.002046298822591139,
    "YTA7": 0.0019833357818960272,
    "MKK2": 0.001962348101664323,
    "STE5": 0.0019098789010850632,
    "ITC1": 0.001857409700505803,
    "SWI3": 0.001762965139463135,
    "SDS3": 0.0015425944970302433,
    "DOT1": 0.0015425944970302433,
    "HOT1": 0.0015111129766826872,
    "UBP8": 0.0015006191365668352,
    "IOC4": 0.0012487669737863874,
    "RXT2": 0.0012067916133229795,
    "ECM5": 0.0011962977732071275,
    "GIS1": 0.0011753100929754235,
    "LGE1": 0.0011543224127437194,
    "EAF1": 0.0011438285726278674,
    "SLG1": 0.0010913593720486075,
    "RCK2": 0.0010913593720486075,
    "UME1": 0.0010703716918169035,
    "MTL1": 0.0010598778517010516,
    "IES3": 0.0010598778517010516,
    "RPH1": 0.0010179024912376434,
    "IES4": 0.0009129640900791236,
    "DPB4": 0.0008814825697315675,
    "MSB2": 0.0008709887296157156,
    "JHD1": 0.0008185195290364556,
    "DIG1": 0.0007870380086888996,
    "YNG1": 0.0007870380086888996,
    "STE50": 0.0007555564883413436,
    "HHO1": 0.0007555564883413436,
    "IES2": 0.0007450626482254916,
    "FMS1": 0.0007240749679937877,
    "MSG5": 0.0006925934476462316,
    "PTC6": 0.0006925934476462316,
    "EAF5": 0.0006925934476462316,
    "PTP1": 0.0006296304069511197,
    "IES5": 0.0006191365668352677,
    "IES1": 0.0006191365668352677,
    "RTT102": 0.0006191365668352677,
    "SNT2": 0.0005666673662560077,
    "RTF1": 0.0005456796860243037,
    "ASK10": 0.0005246920057925998,
    "SPP1": 0.0005246920057925998,
    "IOC3": 0.0005037043255608957,
    "FPS1": 0.0004827166453291918,
    "SAS5": 0.00047222280521333975,
    "EAF7": 0.00047222280521333975,
    "STL1": 0.0004617289650974878,
    "SGF29": 0.00044074128486578377,
    "NGG1": 0.0004302474447499318,
    "BRE2": 0.0004197536046340798,
    "SET5": 0.00038827208428652383,
    "OPY2": 0.0003672844040548198,
    "MID2": 0.00032530904359141186,
    "NBP2": 0.0002938275232438559,
    "PTC7": 0.0002938275232438559,
    "YPL216W": 0.0002938275232438559,
    "BDF2": 0.00025185216278044787,
    "AHC2": 0.00025185216278044787,
    "DIG2": 0.0002413583226645959,
    "SWD1": 0.0002308644825487439,
    "SET6": 0.0002308644825487439,
    "WSC3": 0.0002098768023170399,
    "SPT8": 0.0002098768023170399,
    "ADA2": 0.0002098768023170399,
    "SGF11": 0.0001993829622011879,
    "LDB7": 0.0001888891220853359,
    "EAF6": 0.0001888891220853359,
    "SPT3": 0.00017839528196948392,
    "SET4": 0.00013641992150607594,
    "SAS4": 0.00012592608139022393,
    "HDA3": 0.00010493840115851995,
    "SGF73": 8.395072092681596e-05,
    "RXT3": 7.345688081096397e-05,
    "YHR095W": 6.296304069511197e-05,
    "SDC1": 5.246920057925998e-05,
    "SUS1": 5.246920057925998e-05,
    "SWC7": 4.197536046340798e-05,
    "IOC2": 4.197536046340798e-05,
    "HIR3": 2.098768023170399e-05,
    "CHZ1": 1.0493840115851995e-05,
    "DLS1": 1.0493840115851995e-05,
    "STE18": 0.0,
    "ROM1": 0.0,
    "RCK1": 0.0,
    "AHK1": 0.0,
    "YGL108C": 0.0,
    "RGC1": 0.0,
    "TOS4": 0.0,
    "TOD6": 0.0,
    "DOT6": 0.0,
    "STB2": 0.0,
    "HMO1": 0.0,
    "HIF1": 0.0,
    "HTL1": 0.0,
    "HPC2": 0.0,
    "DPB3": 0.0,
    "RTG2": 0.0,
    "SPT20": 0.0,
    "HFI1": 0.0,
    "AHC1": 0.0,
    "HOS4": 0.0,
    "RMD8": 0.0,
    "SNF11": 0.0,
    "SNF6": 0.0,
    "SWP82": 0.0,
    "HCS1": 0.0,
    "YEL025C": 0.0,
    "YML101C-A": 0.0
}