{
    "RAS2": 0.29786856127886324,
    "HOG1": 0.18774422735346358,
    "GPA2": 0.1380106571936057,
    "SLT2": 0.13623445825932504,
    "BCY1": 0.12966252220248667,
    "FUS3": 0.09840142095914742,
    "RAS1": 0.09840142095914742,
    "KSS1": 0.0955595026642984,
    "STE4": 0.0866785079928952,
    "BCK1": 0.06536412078152753,
    "STE20": 0.05008880994671403,
    "STE11": 0.046181172291296625,
    "IRA2": 0.04316163410301954,
    "KDX1": 0.033214920071047954,
    "PBS2": 0.030017761989342806,
    "PTC1": 0.025932504440497335,
    "STE7": 0.022912966252220248,
    "STE50": 0.022735346358792183,
    "SKO1": 0.020603907637655416,
    "PDE2": 0.020071047957371226,
    "MSB2": 0.013854351687388987,
    "TEC1": 0.013143872113676732,
    "WSC2": 0.012966252220248668,
    "SMK1": 0.011367673179396092,
    "SLG1": 0.00852575488454707,
    "STE18": 0.00852575488454707,
    "MTL1": 0.007992895204262877,
    "GPR1": 0.006039076376554174,
    "SHO1": 0.0037300177619893427,
    "MSG5": 0.003552397868561279,
    "RGS2": 0.003019538188277087,
    "PTC2": 0.001953818827708703,
    "SDP1": 0.001953818827708703,
    "RLM1": 0.0015985790408525756,
    "SSK1": 0.0014209591474245115,
    "OPY2": 0.0014209591474245115,
    "PTC4": 0.0012433392539964476,
    "FPS1": 0.0012433392539964476,
    "MKK1": 0.0010657193605683837,
    "GPB2": 0.0010657193605683837,
    "GPB1": 0.0010657193605683837,
    "STE5": 0.0008880994671403197,
    "PTP2": 0.0008880994671403197,
    "PTC3": 0.0007104795737122557,
    "NBP2": 0.0005328596802841918,
    "MKK2": 0.00035523978685612787,
    "DIG1": 0.00035523978685612787,
    "PTP1": 0.00017761989342806393,
    "PTC6": 0.00017761989342806393,
    "PDE1": 0.00017761989342806393,
    "MID2": 0.0,
    "ACA1": 0.0,
    "SMP1": 0.0,
    "PTP3": 0.0,
    "DIG2": 0.0,
    "SSK22": 0.0,
    "PTC7": 0.0,
    "ROM1": 0.0,
    "WSC3": 0.0,
    "RCK1": 0.0,
    "RCK2": 0.0,
    "HOT1": 0.0,
    "SSK2": 0.0,
    "AHK1": 0.0,
    "STL1": 0.0,
    "YGL108C": 0.0,
    "ASK10": 0.0,
    "RGC1": 0.0,
    "YAK1": 0.0,
    "AIM14": 0.0
}