{
    "ADE17": 0.3170731707317073,
    "ADE16": 0.2897560975609756,
    "SHM2": 0.19642276422764227,
    "ADE12": 0.13235772357723577,
    "GUA1": 0.12975609756097561,
    "MTD1": 0.10439024390243902,
    "SHM1": 0.09333333333333334,
    "APT2": 0.0832520325203252,
    "GCV3": 0.07479674796747968,
    "HAM1": 0.06373983739837398,
    "ADE3": 0.0575609756097561,
    "MIS1": 0.0575609756097561,
    "ADE8": 0.0559349593495935,
    "ADE4": 0.05365853658536585,
    "DUG1": 0.04975609756097561,
    "GCV1": 0.045853658536585365,
    "APT1": 0.04455284552845529,
    "AMD1": 0.041951219512195125,
    "ADE5,7": 0.03609756097560975,
    "IMD4": 0.021463414634146343,
    "IMD2": 0.0208130081300813,
    "HPT1": 0.0175609756097561,
    "IMD3": 0.014634146341463415,
    "GCV2": 0.013658536585365854,
    "LPD1": 0.00878048780487805,
    "ADO1": 0.0035772357723577236,
    "URA8": 0.001951219512195122,
    "MET12": 0.0013008130081300813,
    "URA7": 0.000975609756097561,
    "DUG2": 0.000975609756097561,
    "DUG3": 0.000975609756097561,
    "MET13": 0.0006504065040650406,
    "AIM22": 0.0,
    "FAU1": 0.0,
    "SER1": 0.0,
    "FMT1": 0.0,
    "RMA1": 0.0,
    "MET7": 0.0,
    "LIA1": 0.0,
    "ADK2": 0.0,
    "ECM38": 0.0,
    "IMD1": 0.0,
    "YJL068C": 0.0,
    "XPT1": 0.0,
    "YJL055W": 0.0
}