{
    "LPD1": 0.772972972972973,
    "KGD1": 0.19531531531531532,
    "GCV3": 0.17873873873873874,
    "SHM2": 0.17333333333333334,
    "SHM1": 0.1673873873873874,
    "FUM1": 0.10954954954954955,
    "MTD1": 0.10414414414414415,
    "KGD2": 0.10306306306306307,
    "GCV1": 0.0981981981981982,
    "MET12": 0.09225225225225225,
    "SDH2": 0.08972972972972973,
    "MDH1": 0.0763963963963964,
    "MDH2": 0.0763963963963964,
    "MET13": 0.06918918918918919,
    "MDH3": 0.06306306306306306,
    "CIT1": 0.05981981981981982,
    "SDH4": 0.056396396396396396,
    "PCK1": 0.04990990990990991,
    "LSC1": 0.04990990990990991,
    "IDH1": 0.04,
    "FAU1": 0.00972972972972973,
    "SDH1": 0.004324324324324324,
    "YJL045W": 0.004324324324324324,
    "CIT2": 0.002882882882882883,
    "CIT3": 0.002882882882882883,
    "UGA2": 0.002162162162162162,
    "SHH3": 0.0014414414414414415,
    "AIM22": 0.0,
    "SER1": 0.0,
    "GCV2": 0.0,
    "ADE5,7": 0.0,
    "ADE8": 0.0,
    "ADE3": 0.0,
    "FMT1": 0.0,
    "MIS1": 0.0,
    "RMA1": 0.0,
    "MET7": 0.0,
    "PYC2": 0.0,
    "PYC1": 0.0,
    "SDH5": 0.0,
    "SHH4": 0.0,
    "FDH1": 0.0,
    "ACO2": 0.0,
    "ERT1": 0.0,
    "YMR31": 0.0,
    "FMP41": 0.0,
    "FRD1": 0.0,
    "OSM1": 0.0
}