{
    "ASC1": 0.9975308641975309,
    "ADE5,7": 0.9830508474576272,
    "SHM2": 0.22033898305084745,
    "SHM1": 0.2033898305084746,
    "MTD1": 0.1694915254237288,
    "ADE3": 0.11864406779661017,
    "MIS1": 0.11864406779661017,
    "GCV3": 0.05084745762711865,
    "LPD1": 0.05084745762711865,
    "ADE8": 0.05084745762711865,
    "RPS16A": 0.01728395061728395,
    "RPS14A": 0.01728395061728395,
    "RPS11B": 0.01728395061728395,
    "RPS4B": 0.01728395061728395,
    "RPS8A": 0.01728395061728395,
    "RPS4A": 0.01728395061728395,
    "RPS8B": 0.01728395061728395,
    "RPS7A": 0.014814814814814815,
    "RPS6B": 0.014814814814814815,
    "RPS9A": 0.014814814814814815,
    "RPS1A": 0.014814814814814815,
    "RPS11A": 0.014814814814814815,
    "RPS6A": 0.014814814814814815,
    "RPS0A": 0.012345679012345678,
    "RPS9B": 0.009876543209876543,
    "RPS1B": 0.009876543209876543,
    "RPS23B": 0.009876543209876543,
    "RPS16B": 0.009876543209876543,
    "RPS23A": 0.009876543209876543,
    "RPL38": 0.007407407407407408,
    "RPL9A": 0.007407407407407408,
    "RPL14A": 0.007407407407407408,
    "RPL43B": 0.007407407407407408,
    "RPS24B": 0.007407407407407408,
    "RPS24A": 0.007407407407407408,
    "RPL36A": 0.007407407407407408,
    "RPL26A": 0.007407407407407408,
    "RPL31A": 0.007407407407407408,
    "RPL2B": 0.007407407407407408,
    "RPL7A": 0.007407407407407408,
    "RPL35B": 0.007407407407407408,
    "RPL21A": 0.007407407407407408,
    "RPL43A": 0.007407407407407408,
    "RPL22A": 0.007407407407407408,
    "RPL11A": 0.007407407407407408,
    "RPL8A": 0.007407407407407408,
    "RPL19A": 0.007407407407407408,
    "RPL20A": 0.007407407407407408,
    "RPL35A": 0.007407407407407408,
    "RPL6A": 0.007407407407407408,
    "RPL13A": 0.007407407407407408,
    "RPL16A": 0.007407407407407408,
    "RPL23A": 0.007407407407407408,
    "RPS27A": 0.007407407407407408,
    "RPL4A": 0.007407407407407408,
    "RPL27A": 0.007407407407407408,
    "RPL2A": 0.007407407407407408,
    "RPL19B": 0.007407407407407408,
    "RPL39": 0.007407407407407408,
    "RPL34A": 0.007407407407407408,
    "RPL18B": 0.007407407407407408,
    "RPS22B": 0.007407407407407408,
    "RPS18B": 0.0049382716049382715,
    "RPL23B": 0.0049382716049382715,
    "RPL42B": 0.0049382716049382715,
    "RPL40B": 0.0049382716049382715,
    "RPS14B": 0.0049382716049382715,
    "RPL20B": 0.0049382716049382715,
    "RPL24A": 0.0049382716049382715,
    "RPS19A": 0.0049382716049382715,
    "RPS22A": 0.0049382716049382715,
    "RPL37A": 0.0049382716049382715,
    "SKI2": 0.0049382716049382715,
    "RPL31B": 0.0024691358024691358,
    "RPL12B": 0.0024691358024691358,
    "RPS0B": 0.0024691358024691358,
    "RPL7B": 0.0024691358024691358,
    "RPL15B": 0.0024691358024691358,
    "RPL22B": 0.0024691358024691358,
    "RPS19B": 0.0024691358024691358,
    "RPP1A": 0.0024691358024691358,
    "RPL6B": 0.0024691358024691358,
    "RPL36B": 0.0024691358024691358,
    "RPS25A": 0.0024691358024691358,
    "RPS7B": 0.0024691358024691358,
    "RPP1B": 0.0024691358024691358,
    "RPL24B": 0.0024691358024691358,
    "RPS29A": 0.0024691358024691358,
    "RPS21A": 0.0024691358024691358,
    "RPL4B": 0.0024691358024691358,
    "RPL13B": 0.0024691358024691358,
    "RPL33B": 0.0024691358024691358,
    "RPS12": 0.0024691358024691358,
    "RPL21B": 0.0024691358024691358,
    "RPL34B": 0.0024691358024691358,
    "RPL12A": 0.0024691358024691358,
    "RPL8B": 0.0024691358024691358,
    "RPL9B": 0.0024691358024691358,
    "RPL27B": 0.0024691358024691358,
    "RPS18A": 0.0024691358024691358,
    "RPL29": 0.0024691358024691358,
    "RPL17B": 0.0024691358024691358,
    "RPL40A": 0.0024691358024691358,
    "RPS21B": 0.0024691358024691358,
    "SSB2": 0.0024691358024691358,
    "RPL16B": 0.0024691358024691358,
    "RPL11B": 0.0024691358024691358,
    "RPS29B": 0.0024691358024691358,
    "RPL14B": 0.0024691358024691358,
    "RPS25B": 0.0024691358024691358,
    "SKI3": 0.0024691358024691358,
    "EGD2": 0.0024691358024691358,
    "AIM22": 0.0,
    "FAU1": 0.0,
    "MET12": 0.0,
    "SER1": 0.0,
    "MET13": 0.0,
    "GCV1": 0.0,
    "GCV2": 0.0,
    "FMT1": 0.0,
    "RMA1": 0.0,
    "MET7": 0.0,
    "TEF4": 0.0,
    "RPS27B": 0.0,
    "TEF1": 0.0,
    "RPL1B": 0.0,
    "RPL26B": 0.0,
    "HBS1": 0.0,
    "EFT1": 0.0,
    "RPS28B": 0.0,
    "EFT2": 0.0,
    "RPS17A": 0.0,
    "TMA19": 0.0,
    "RPS10B": 0.0,
    "RPP2B": 0.0,
    "RPL1A": 0.0,
    "CAM1": 0.0,
    "RPS17B": 0.0,
    "TEF2": 0.0,
    "RPS26B": 0.0,
    "RPP2A": 0.0,
    "CKA1": 0.0,
    "CKA2": 0.0,
    "PAT1": 0.0,
    "XRN1": 0.0,
    "NEW1": 0.0,
    "BUD21": 0.0,
    "RPL37B": 0.0,
    "RPL41B": 0.0,
    "HCR1": 0.0,
    "RPS30A": 0.0,
    "YGR054W": 0.0,
    "RPL41A": 0.0,
    "LRP1": 0.0,
    "MPP6": 0.0,
    "CKB1": 0.0,
    "SDD1": 0.0,
    "STM1": 0.0,
    "DOM34": 0.0,
    "LSO2": 0.0,
    "REH1": 0.0,
    "EGD1": 0.0,
    "YKL023W": 0.0
}