{
    "SDH2": 0.15368829416394916,
    "CYT1": 0.1469695265939503,
    "MDH1": 0.13951984707072979,
    "RIP1": 0.11118295288429102,
    "COR1": 0.11084560890588104,
    "LSC1": 0.07950073091195323,
    "YJL045W": 0.07899471494433824,
    "SDH1": 0.07685820308107501,
    "QCR2": 0.07415945125379513,
    "ACO1": 0.06645676374676712,
    "MDH3": 0.05810750028111998,
    "MDH2": 0.05692679635668503,
    "COX6": 0.053216012594175195,
    "KGD1": 0.05164174069492859,
    "SDH4": 0.05119194872371528,
    "CIT1": 0.05032047677948948,
    "FUM1": 0.045400877094343865,
    "PDB1": 0.04062183740020241,
    "IDH1": 0.03963791746317328,
    "BI4": 0.03601146969526594,
    "IDH2": 0.03598335769706511,
    "KGD2": 0.03176655796694029,
    "COX4": 0.030360958056898684,
    "QCR7": 0.0292364781288654,
    "COX2": 0.02631283031597886,
    "NDI1": 0.022124142584054873,
    "QCR8": 0.02060609468120994,
    "LPD1": 0.02010007871359496,
    "COX12": 0.01700775891150343,
    "COX8": 0.015883278983470146,
    "CIT3": 0.015321039019453503,
    "COB": 0.01394355110761273,
    "UGA2": 0.012060047228156977,
    "LAT1": 0.011891375238951984,
    "CIT2": 0.009867311368492072,
    "ACH1": 0.009389407399077926,
    "QCR9": 0.0066344315753963795,
    "QCR6": 0.006578207578994715,
    "ACO2": 0.00624086360058473,
    "SHH3": 0.0047509276959406275,
    "QCR10": 0.004216799730124818,
    "CYC7": 0.0032328797930956934,
    "PDA1": 0.002951759811087372,
    "NDE1": 0.002867423816484876,
    "CYC1": 0.002867423816484876,
    "NDE2": 0.0028393118182840436,
    "POR1": 0.002614415832677387,
    "COX3": 0.002192735859664905,
    "POR2": 0.002164623861464073,
    "AIM45": 0.0019959518722590802,
    "COX10": 0.0017429438884515912,
    "BI2": 0.0016586078938490949,
    "BI3": 0.0016586078938490949,
    "MIR1": 0.0016304958956482626,
    "COX5A": 0.0015742718992465985,
    "COX13": 0.0014899359046441022,
    "MLS1": 0.0014055999100416057,
    "ICL1": 0.001236927920836613,
    "FRD1": 0.0010120319352299562,
    "IDP3": 0.0007590239514224671,
    "IDP1": 0.0007590239514224671,
    "PCK1": 0.0006746879568199708,
    "OSM1": 0.0005622399640166423,
    "PYC1": 0.0005060159676149781,
    "COX15": 0.00039356797481164964,
    "SDH5": 0.00039356797481164964,
    "PYC2": 0.0003373439784099854,
    "MAE1": 0.00030923198020915325,
    "PDX1": 0.00030923198020915325,
    "TCM62": 0.00030923198020915325,
    "INH1": 0.00030923198020915325,
    "COX1": 0.00025300798380748906,
    "ACS1": 0.00019678398740582482,
    "AI1": 0.0001686719892049927,
    "COX7": 0.0001686719892049927,
    "SHH4": 0.00014055999100416058,
    "IDP2": 0.00011244799280332846,
    "AI4": 5.622399640166423e-05,
    "AI5_ALPHA": 5.622399640166423e-05,
    "AI3": 5.622399640166423e-05,
    "AGC1": 5.622399640166423e-05,
    "COX26": 2.8111998200832114e-05,
    "RCF2": 2.8111998200832114e-05,
    "COX11": 2.8111998200832114e-05,
    "YPR010C-A": 2.8111998200832114e-05,
    "FDH1": 0.0,
    "ICL2": 0.0,
    "RCF1": 0.0,
    "COX5B": 0.0,
    "AI2": 0.0,
    "COX23": 0.0,
    "COX16": 0.0,
    "YJL225W-A": 0.0,
    "CYC3": 0.0,
    "CYC2": 0.0,
    "CYT2": 0.0,
    "RBS1": 0.0,
    "FMP52": 0.0,
    "SDH6": 0.0,
    "FMP41": 0.0,
    "YLR294C": 0.0,
    "YGL188C": 0.0
}