{
    "GAD1": 0.9229315774405955,
    "GDH2": 0.30323504151159464,
    "GDH1": 0.24374463212138564,
    "GDH3": 0.22026910964786717,
    "AAT1": 0.14657887202977382,
    "GLT1": 0.13152018322359005,
    "KGD1": 0.11898081878041798,
    "IDH2": 0.11898081878041798,
    "GLC3": 0.08038935012882908,
    "GOR1": 0.07346120813054681,
    "PGM2": 0.06355568279415975,
    "GSY1": 0.06103635843114801,
    "ICL2": 0.059833953621528775,
    "IDH1": 0.05954766676209562,
    "GSY2": 0.05359290008588606,
    "CIT1": 0.051531634697967364,
    "STF2": 0.046206699112510734,
    "TSL1": 0.0461494417406241,
    "GDB1": 0.04111079301460063,
    "GPH1": 0.04088176352705411,
    "TFS1": 0.03939307185800172,
    "TPS2": 0.03693100486687661,
    "HSP42": 0.03538505582593759,
    "MDH1": 0.03435442313197824,
    "CIT2": 0.03435442313197824,
    "MDH2": 0.03435442313197824,
    "SOL4": 0.03263670197537933,
    "DCS2": 0.032178643000286285,
    "TPS1": 0.02954480389350129,
    "NTH1": 0.022158602920125968,
    "DDR2": 0.019181219582021184,
    "ARG2": 0.018894932722588034,
    "ALT2": 0.018723160606928142,
    "ALT1": 0.018723160606928142,
    "MDH3": 0.01717721156598912,
    "AIM17": 0.012253077583738906,
    "OM45": 0.011565989121099341,
    "NNR2": 0.011107930146006298,
    "PIC2": 0.007386200973375322,
    "PNC1": 0.007386200973375322,
    "FMP16": 0.007386200973375322,
    "ACO1": 0.006527340395075866,
    "PCK1": 0.004695104494703693,
    "CIT3": 0.004695104494703693,
    "IDP1": 0.0023475522473518466,
    "RGI1": 0.0004580589750930432,
    "USV1": 0.0004580589750930432,
    "LSC1": 0.0,
    "ASN2": 0.0,
    "FUM1": 0.0,
    "YMR31": 0.0,
    "ARG1": 0.0,
    "HOM3": 0.0,
    "ASP1": 0.0,
    "ASN1": 0.0,
    "IDP3": 0.0,
    "PDH1": 0.0,
    "YMR090W": 0.0,
    "YHR138C": 0.0,
    "NTH2": 0.0,
    "ATH1": 0.0,
    "TPS3": 0.0,
    "PGM1": 0.0,
    "HSP12": 0.0,
    "GPG1": 0.0,
    "SDS24": 0.0,
    "BTN2": 0.0,
    "PRM15": 0.0,
    "RTN2": 0.0,
    "RTC3": 0.0,
    "STF1": 0.0,
    "UIP4": 0.0,
    "DCS1": 0.0,
    "YJR096W": 0.0,
    "SPI1": 0.0,
    "YJL144W": 0.0,
    "CUR1": 0.0,
    "GLG1": 0.0,
    "TMA10": 0.0,
    "YKL091C": 0.0,
    "GLG2": 0.0,
    "YLR177W": 0.0,
    "PBI2": 0.0,
    "NNR1": 0.0,
    "YMR196W": 0.0,
    "YLR252W": 0.0,
    "XBP1": 0.0,
    "MCR1": 0.0
}