{
    "ATP2": 0.3682125763327282,
    "ATP1": 0.3535786983550641,
    "AAT1": 0.2888815536117071,
    "ATP3": 0.13973703031303294,
    "MDH1": 0.13335533916487868,
    "CIT1": 0.12444297738900809,
    "KGD1": 0.11971172360675579,
    "MDH3": 0.11525554271882049,
    "ACO1": 0.10832370578203224,
    "FUM1": 0.08527259723826815,
    "IDH2": 0.0776255707762557,
    "CIT3": 0.07283930241514001,
    "IDH1": 0.07052869010287727,
    "OLI1": 0.0596358034879243,
    "VMA1": 0.058095395279749135,
    "LSC1": 0.05782032238543214,
    "VMA10": 0.05116355834296089,
    "MDH2": 0.0457171150354844,
    "GDH2": 0.0412609341475491,
    "VMA2": 0.038730263519832754,
    "VMA8": 0.038730263519832754,
    "VMA4": 0.038730263519832754,
    "VMA5": 0.03410903889530725,
    "VMA16": 0.03410903889530725,
    "VMA3": 0.03410903889530725,
    "VMA11": 0.03410903889530725,
    "STV1": 0.03410903889530725,
    "VMA13": 0.03410903889530725,
    "VMA7": 0.03410903889530725,
    "GDH1": 0.0322385432139517,
    "GDH3": 0.020025306706277165,
    "ATP14": 0.019420146338779778,
    "ATP4": 0.019420146338779778,
    "ATP5": 0.010837872036089564,
    "ATP7": 0.010837872036089564,
    "ICL2": 0.007151895252241844,
    "ALT2": 0.0059415745172470705,
    "ALT1": 0.0059415745172470705,
    "CIT2": 0.0015404082081751664,
    "PCK1": 0.00016504373659019642,
    "ATP6": 5.50145788633988e-05,
    "ATP18": 5.50145788633988e-05,
    "ATP15": 5.50145788633988e-05,
    "ATP19": 5.50145788633988e-05,
    "ATP17": 5.50145788633988e-05,
    "ATP20": 5.50145788633988e-05,
    "ARG2": 0.0,
    "GLT1": 0.0,
    "ASN2": 0.0,
    "YMR31": 0.0,
    "ARG1": 0.0,
    "HOM3": 0.0,
    "IDP1": 0.0,
    "ASP1": 0.0,
    "ASN1": 0.0,
    "IDP3": 0.0,
    "PDH1": 0.0,
    "ATP8": 0.0,
    "TIM11": 0.0,
    "AAC1": 0.0,
    "CYB2": 0.0,
    "BCS1": 0.0,
    "SCEI": 0.0,
    "MSC7": 0.0,
    "AAC3": 0.0,
    "VPH1": 0.0,
    "VMA9": 0.0,
    "YLR294C": 0.0,
    "DIC1": 0.0
}