{
    "AIM22": 0.5,
    "KGD1": 0.20441988950276244,
    "PDA1": 0.15469613259668508,
    "LAT1": 0.14917127071823205,
    "PDB1": 0.143646408839779,
    "KGD2": 0.13259668508287292,
    "LPD1": 0.10497237569060773,
    "PDX1": 0.0718232044198895,
    "ACO1": 0.03867403314917127,
    "CIT1": 0.03867403314917127,
    "CIT3": 0.03867403314917127,
    "IDH2": 0.03867403314917127,
    "FUM1": 0.03314917127071823,
    "MDH1": 0.03314917127071823,
    "CIT2": 0.03314917127071823,
    "MDH3": 0.027624309392265192,
    "PYC1": 0.022099447513812154,
    "PCK1": 0.022099447513812154,
    "MLS1": 0.022099447513812154,
    "MDH2": 0.016574585635359115,
    "PYC2": 0.016574585635359115,
    "MAE1": 0.016574585635359115,
    "ICL1": 0.011049723756906077,
    "PBY1": 0.0,
    "IDH1": 0.0,
    "ACS1": 0.0,
    "LSC1": 0.0,
    "IDP2": 0.0,
    "ACH1": 0.0,
    "IDP3": 0.0,
    "IDP1": 0.0,
    "UGA2": 0.0,
    "FDH1": 0.0,
    "ACO2": 0.0,
    "ICL2": 0.0
}