{
    "CYB2": 0.9928057553956835,
    "ILV2": 0.8571428571428571,
    "ATP2": 0.38848920863309355,
    "ATP1": 0.37410071942446044,
    "LEU1": 0.2857142857142857,
    "OLI1": 0.19424460431654678,
    "BAT2": 0.14285714285714285,
    "VMA1": 0.06474820143884892,
    "VMA2": 0.04316546762589928,
    "VMA8": 0.04316546762589928,
    "VMA4": 0.04316546762589928,
    "VMA10": 0.04316546762589928,
    "VMA5": 0.02877697841726619,
    "VMA16": 0.02877697841726619,
    "VMA3": 0.02877697841726619,
    "VMA11": 0.02877697841726619,
    "STV1": 0.02877697841726619,
    "VMA13": 0.02877697841726619,
    "VMA7": 0.02877697841726619,
    "ATP14": 0.02158273381294964,
    "ATP4": 0.02158273381294964,
    "BAT1": 0.0,
    "ILV6": 0.0,
    "OAC1": 0.0,
    "ATP6": 0.0,
    "ATP8": 0.0,
    "ATP5": 0.0,
    "ATP3": 0.0,
    "ATP18": 0.0,
    "ATP7": 0.0,
    "ATP15": 0.0,
    "ATP19": 0.0,
    "ATP17": 0.0,
    "ATP20": 0.0,
    "TIM11": 0.0,
    "AAC1": 0.0,
    "BCS1": 0.0,
    "SCEI": 0.0,
    "MSC7": 0.0,
    "AAC3": 0.0,
    "VPH1": 0.0,
    "VMA9": 0.0,
    "YLR294C": 0.0,
    "DIC1": 0.0
}