{
    "PUF3": 0.9991941982272361,
    "AIM22": 0.5,
    "MRPL36": 0.048348106365834004,
    "MRPS5": 0.016116035455278,
    "MRP17": 0.016116035455278,
    "MRP20": 0.015310233682514102,
    "MRPL8": 0.015310233682514102,
    "RSM7": 0.015310233682514102,
    "MRPS9": 0.015310233682514102,
    "MRP7": 0.015310233682514102,
    "RSM18": 0.015310233682514102,
    "MRPL32": 0.015310233682514102,
    "IMG1": 0.014504431909750202,
    "RSM19": 0.014504431909750202,
    "RTC6": 0.014504431909750202,
    "PET123": 0.014504431909750202,
    "YNL122C": 0.014504431909750202,
    "MRPL24": 0.014504431909750202,
    "MRPL9": 0.014504431909750202,
    "MRPL23": 0.014504431909750202,
    "RSM23": 0.014504431909750202,
    "MRPL10": 0.014504431909750202,
    "MRPL27": 0.014504431909750202,
    "RSM28": 0.014504431909750202,
    "MRPL16": 0.0136986301369863,
    "MRP10": 0.0136986301369863,
    "MRPS12": 0.0136986301369863,
    "MRP2": 0.0136986301369863,
    "RSM24": 0.0136986301369863,
    "MRP4": 0.0136986301369863,
    "MRPL22": 0.0136986301369863,
    "MRPL3": 0.0136986301369863,
    "MRPL39": 0.0136986301369863,
    "MRPL17": 0.0136986301369863,
    "MRP1": 0.0128928283642224,
    "MRP13": 0.0128928283642224,
    "MRPS8": 0.0128928283642224,
    "MRPS35": 0.0128928283642224,
    "MRP21": 0.0128928283642224,
    "MRP51": 0.0128928283642224,
    "RSM25": 0.0128928283642224,
    "MRPS17": 0.0128928283642224,
    "RSM26": 0.0128928283642224,
    "MRPL38": 0.0128928283642224,
    "MHR1": 0.012087026591458501,
    "MRPL35": 0.012087026591458501,
    "MRPL20": 0.012087026591458501,
    "MRPL31": 0.012087026591458501,
    "EHD3": 0.012087026591458501,
    "MRPL7": 0.012087026591458501,
    "MRPL6": 0.012087026591458501,
    "MRX14": 0.012087026591458501,
    "MRPL13": 0.012087026591458501,
    "FYV4": 0.012087026591458501,
    "MRPL33": 0.012087026591458501,
    "MRPL49": 0.012087026591458501,
    "MRPL25": 0.012087026591458501,
    "MRPL1": 0.011281224818694601,
    "MRPL11": 0.010475423045930701,
    "MRPL19": 0.010475423045930701,
    "MRPL37": 0.009669621273166801,
    "MRPL44": 0.008058017727639,
    "PET309": 0.007252215954875101,
    "RRF1": 0.007252215954875101,
    "RSM22": 0.0056406124093473006,
    "COX17": 0.004834810636583401,
    "TUF1": 0.004834810636583401,
    "COA4": 0.004834810636583401,
    "YBL059W": 0.004834810636583401,
    "AIM11": 0.004834810636583401,
    "IFM1": 0.0040290088638195,
    "PET111": 0.0040290088638195,
    "MRS1": 0.0032232070910556,
    "SHY1": 0.0032232070910556,
    "CBP3": 0.0032232070910556,
    "MEF1": 0.0032232070910556,
    "CMC2": 0.0032232070910556,
    "MIX14": 0.0032232070910556,
    "CMC1": 0.0032232070910556,
    "MRH4": 0.0032232070910556,
    "MZM1": 0.0032232070910556,
    "ATP12": 0.0024174053182917004,
    "CBS2": 0.0024174053182917004,
    "PET494": 0.0024174053182917004,
    "FMP10": 0.0024174053182917004,
    "RMD9": 0.0024174053182917004,
    "MRP49": 0.0024174053182917004,
    "QRI5": 0.0024174053182917004,
    "CBP6": 0.0016116035455278,
    "BCS1": 0.0016116035455278,
    "MRF1": 0.0016116035455278,
    "GEP7": 0.0016116035455278,
    "YGR021W": 0.0016116035455278,
    "OMS1": 0.0016116035455278,
    "MRM1": 0.0016116035455278,
    "MSC6": 0.0016116035455278,
    "COX14": 0.0008058017727639,
    "COA1": 0.0008058017727639,
    "MDM38": 0.0008058017727639,
    "ATP11": 0.0008058017727639,
    "PET127": 0.0008058017727639,
    "SRO9": 0.0008058017727639,
    "YNR040W": 0.0008058017727639,
    "AIM18": 0.0008058017727639,
    "SDH7": 0.0008058017727639,
    "MPM1": 0.0008058017727639,
    "YLF2": 0.0008058017727639,
    "PBY1": 0.0,
    "SCO1": 0.0,
    "ATP22": 0.0,
    "AI5_BETA": 0.0,
    "PET54": 0.0,
    "MSS51": 0.0,
    "VAR1": 0.0,
    "MNE1": 0.0,
    "SUV3": 0.0,
    "MSS18": 0.0,
    "YOR020W-A": 0.0,
    "AEP3": 0.0,
    "RML2": 0.0,
    "COX19": 0.0,
    "CBP4": 0.0,
    "SWS2": 0.0,
    "IMG2": 0.0,
    "MRPL40": 0.0,
    "YJR115W": 0.0,
    "MRPL51": 0.0,
    "MRPS28": 0.0,
    "MRPL15": 0.0,
    "MRPS16": 0.0,
    "MRPL28": 0.0,
    "RSM27": 0.0,
    "MRPL4": 0.0,
    "MRPL50": 0.0,
    "YMR31": 0.0,
    "COA6": 0.0,
    "PET122": 0.0,
    "VTS1": 0.0,
    "CLU1": 0.0,
    "GEP3": 0.0,
    "MTG2": 0.0,
    "MRM2": 0.0,
    "LSM12": 0.0,
    "YGR161W-C": 0.0,
    "PUB1": 0.0,
    "YLR179C": 0.0,
    "PTH4": 0.0,
    "RCF3": 0.0,
    "CCS1": 0.0,
    "MIX17": 0.0,
    "YIL077C": 0.0,
    "YKL133C": 0.0,
    "YBR230W-A": 0.0,
    "COA2": 0.0,
    "SBP1": 0.0,
    "PET191": 0.0,
    "PET117": 0.0,
    "YPR078C": 0.0,
    "GUF1": 0.0,
    "YDR381C-A": 0.0,
    "YDR286C": 0.0,
    "PBP4": 0.0,
    "BRE5": 0.0,
    "MDL2": 0.0,
    "FMP25": 0.0,
    "FMC1": 0.0,
    "AIM36": 0.0,
    "MRX1": 0.0,
    "YLL032C": 0.0,
    "COS6": 0.0,
    "NCE101": 0.0,
    "CUB1": 0.0,
    "ECM19": 0.0
}