{
    "PDB1": 0.5287459040810247,
    "ATP2": 0.27643729520405125,
    "CYB2": 0.22847780756627942,
    "ATP1": 0.20315758117366697,
    "ATP4": 0.18260351504319333,
    "ATP3": 0.15043193327375634,
    "PDA1": 0.14387846291331546,
    "ATP5": 0.1149836163240989,
    "PYC1": 0.11200476616026214,
    "KGD2": 0.09472743521000894,
    "VMA1": 0.06076854334226988,
    "VMA10": 0.05540661304736372,
    "OLI1": 0.04170390229371462,
    "VMA2": 0.04051236222817992,
    "VMA8": 0.04051236222817992,
    "VMA4": 0.04051236222817992,
    "VMA5": 0.036937742031575814,
    "VMA16": 0.036937742031575814,
    "VMA3": 0.036937742031575814,
    "VMA11": 0.036937742031575814,
    "STV1": 0.036937742031575814,
    "VMA13": 0.036937742031575814,
    "VMA7": 0.036937742031575814,
    "ATP14": 0.020554066130473638,
    "IRC15": 0.01519213583556747,
    "ATP6": 0.0002978850163836759,
    "ATP18": 0.0002978850163836759,
    "ATP15": 0.0002978850163836759,
    "ATP19": 0.0002978850163836759,
    "ATP17": 0.0002978850163836759,
    "ATP20": 0.0002978850163836759,
    "PYC2": 0.0,
    "MAE1": 0.0,
    "PDX1": 0.0,
    "PKP1": 0.0,
    "NCE103": 0.0,
    "ATP8": 0.0,
    "ATP7": 0.0,
    "TIM11": 0.0,
    "AAC1": 0.0,
    "BCS1": 0.0,
    "SCEI": 0.0,
    "MSC7": 0.0,
    "AAC3": 0.0,
    "VPH1": 0.0,
    "VMA9": 0.0,
    "YLR294C": 0.0,
    "DIC1": 0.0
}