{
    "PDB1": 0.44397759103641454,
    "PDA1": 0.41596638655462187,
    "PDX1": 0.13165266106442577,
    "ACO1": 0.06302521008403361,
    "FUM1": 0.06302521008403361,
    "IDH1": 0.056022408963585436,
    "KGD1": 0.056022408963585436,
    "IDH2": 0.056022408963585436,
    "MDH1": 0.049019607843137254,
    "LSC1": 0.04201680672268908,
    "CIT3": 0.04201680672268908,
    "CIT2": 0.04201680672268908,
    "MDH2": 0.0392156862745098,
    "MDH3": 0.0392156862745098,
    "CIT1": 0.0350140056022409,
    "PYC2": 0.03361344537815126,
    "PYC1": 0.03361344537815126,
    "PCK1": 0.03361344537815126,
    "IDP1": 0.03361344537815126,
    "ACS1": 0.028011204481792718,
    "KGD2": 0.028011204481792718,
    "AAT1": 0.01680672268907563,
    "LAT1": 0.014005602240896359,
    "LPD1": 0.014005602240896359,
    "ACO2": 0.008403361344537815,
    "ACH1": 0.008403361344537815,
    "LYS4": 0.0056022408963585435,
    "PKP2": 0.0014005602240896359,
    "PKP1": 0.0,
    "MLS1": 0.0,
    "IDP2": 0.0,
    "ICL1": 0.0,
    "GDH3": 0.0,
    "ALT2": 0.0,
    "IDP3": 0.0,
    "FDH1": 0.0,
    "UGA2": 0.0,
    "ALT1": 0.0,
    "CTP1": 0.0,
    "SHH4": 0.0,
    "ODC2": 0.0,
    "ODC1": 0.0
}