{
    "PDB1": 0.31763733994217264,
    "QCR2": 0.2631144155307724,
    "CYB2": 0.24948368442792235,
    "CYT1": 0.2308963238331268,
    "COR1": 0.12763320941759604,
    "IRC15": 0.07930607187112763,
    "COX4": 0.07930607187112763,
    "COX12": 0.07558859975216853,
    "COX1": 0.06567534076827757,
    "MPC1": 0.058240396530359353,
    "COX6": 0.05452292441140025,
    "SHY1": 0.053696819496076,
    "COX5A": 0.04502271788517142,
    "NDE1": 0.03841387856257745,
    "NDE2": 0.03841387856257745,
    "CYC7": 0.03634861627426683,
    "COX2": 0.03345724907063197,
    "CYC1": 0.026022304832713755,
    "COX11": 0.019413465510119784,
    "BCS1": 0.01900041305245766,
    "COB": 0.014043783560512184,
    "PDA1": 0.013630731102850062,
    "RIP1": 0.01321767864518794,
    "COX3": 0.012804626187525816,
    "COX15": 0.009913258983890954,
    "MAE1": 0.008261049153242462,
    "COX10": 0.00660883932259397,
    "QCR7": 0.0057827344072697235,
    "COX14": 0.0057827344072697235,
    "COX13": 0.0057827344072697235,
    "QCR9": 0.0057827344072697235,
    "COX8": 0.004956629491945477,
    "COX7": 0.004956629491945477,
    "QCR10": 0.004956629491945477,
    "COX23": 0.004956629491945477,
    "INH1": 0.0037174721189591076,
    "CYC3": 0.0012391573729863693,
    "BI4": 0.0008261049153242462,
    "QCR6": 0.0008261049153242462,
    "AI1": 0.0008261049153242462,
    "AI5_ALPHA": 0.0008261049153242462,
    "MSS51": 0.0008261049153242462,
    "QCR8": 0.0008261049153242462,
    "AI3": 0.0008261049153242462,
    "MPC2": 0.0008261049153242462,
    "AI4": 0.0004130524576621231,
    "MPC3": 0.0004130524576621231,
    "LAT1": 0.0,
    "PDX1": 0.0,
    "NDI1": 0.0,
    "SCO1": 0.0,
    "COX26": 0.0,
    "RCF1": 0.0,
    "COX5B": 0.0,
    "COA3": 0.0,
    "RCF2": 0.0,
    "BI2": 0.0,
    "COA1": 0.0,
    "BI3": 0.0,
    "COX16": 0.0,
    "MTC3": 0.0,
    "CTM1": 0.0,
    "CYC2": 0.0,
    "CYT2": 0.0,
    "PET191": 0.0,
    "YPR010C-A": 0.0,
    "YGL188C": 0.0,
    "AGC1": 0.0
}