{
    "PDB1": 0.42440888464294246,
    "ATP1": 0.3049916407929305,
    "ATP2": 0.1779316933365178,
    "ATP3": 0.1631239550991163,
    "CYB2": 0.13685216145211368,
    "ATP4": 0.10007165034631,
    "ATP7": 0.09147360878910915,
    "VMA6": 0.0909959398137091,
    "IRC15": 0.09051827083830905,
    "ATP5": 0.08836876044900883,
    "RAV1": 0.08359207069500836,
    "OLI1": 0.07284451874850728,
    "VMA8": 0.06090279436350609,
    "VMA11": 0.05660377358490566,
    "VMA21": 0.051349414855505135,
    "VMA2": 0.05087174588010509,
    "VMA5": 0.05087174588010509,
    "VMA4": 0.05087174588010509,
    "VMA10": 0.05087174588010509,
    "STV1": 0.05087174588010509,
    "VMA13": 0.05087174588010509,
    "VMA7": 0.05087174588010509,
    "VMA16": 0.04728922856460473,
    "VMA3": 0.04728922856460473,
    "LAT1": 0.045139718175304516,
    "VMA1": 0.03080964891330308,
    "VPH1": 0.03009314545020301,
    "ATP14": 0.0014330069262001434,
    "ATP19": 0.0014330069262001434,
    "ATP20": 0.0014330069262001434,
    "PDA1": 0.0007165034631000717,
    "ATP6": 0.0007165034631000717,
    "MIR1": 0.0007165034631000717,
    "MAE1": 0.0,
    "PDX1": 0.0,
    "ATP8": 0.0,
    "ATP18": 0.0,
    "ATP15": 0.0,
    "ATP17": 0.0,
    "TIM11": 0.0,
    "AEP1": 0.0,
    "AEP2": 0.0,
    "AAC3": 0.0,
    "MSC7": 0.0,
    "VMA9": 0.0,
    "YPR170W-B": 0.0,
    "VOA1": 0.0,
    "RAV2": 0.0,
    "VMA22": 0.0,
    "PKR1": 0.0,
    "VPH2": 0.0,
    "YLR294C": 0.0
}