{
    "PDB1": 0.4056649063850216,
    "PDA1": 0.313970235237638,
    "NQM1": 0.23619779164666346,
    "TKL2": 0.22947671627460395,
    "PYK2": 0.15122419587133942,
    "TAL1": 0.14162265962554008,
    "TKL1": 0.12818050888142102,
    "GND2": 0.08929428708593375,
    "ALD3": 0.08353336533845415,
    "GND1": 0.08065290446471435,
    "ALD4": 0.05760921747479597,
    "YEF1": 0.03456553048487758,
    "POS5": 0.03456553048487758,
    "YNL195C": 0.03264522323571772,
    "SOL3": 0.02688430148823812,
    "ENO1": 0.023043686989918388,
    "FMP16": 0.01632261161785886,
    "HXT5": 0.01632261161785886,
    "FMP45": 0.01632261161785886,
    "PHM7": 0.01632261161785886,
    "ERR1": 0.0019203072491598655,
    "YOR283W": 0.0019203072491598655,
    "ERR3": 0.0019203072491598655,
    "ENO2": 0.0019203072491598655,
    "PFK1": 0.0019203072491598655,
    "ERR2": 0.0019203072491598655,
    "CYB2": 0.0,
    "MAE1": 0.0,
    "LAT1": 0.0,
    "PDX1": 0.0,
    "IRC15": 0.0,
    "TDH3": 0.0,
    "TDH2": 0.0,
    "TDH1": 0.0,
    "ALD6": 0.0,
    "ALD2": 0.0,
    "HFD1": 0.0,
    "ALD5": 0.0,
    "YNL194C": 0.0,
    "YBR116C": 0.0,
    "GRE1": 0.0,
    "SIP18": 0.0,
    "PAI3": 0.0,
    "HBT1": 0.0,
    "RPE1": 0.0,
    "GPM2": 0.0,
    "GPM3": 0.0,
    "XYL2": 0.0,
    "XKS1": 0.0,
    "SOL2": 0.0,
    "YDR248C": 0.0,
    "SOL1": 0.0,
    "PHO13": 0.0,
    "SPG1": 0.0,
    "SHB17": 0.0
}