{
    "AIM22": 0.8601398601398601,
    "IRC19": 0.2863802863802864,
    "RRG9": 0.21478521478521478,
    "KGD1": 0.20113220113220112,
    "PDB1": 0.15451215451215453,
    "LAT1": 0.15384615384615385,
    "KGD2": 0.14485514485514486,
    "SRF1": 0.1431901431901432,
    "PDA1": 0.12554112554112554,
    "LPD1": 0.11122211122211122,
    "PDX1": 0.07792207792207792,
    "GEP5": 0.0715950715950716,
    "FUM1": 0.0656010656010656,
    "ACO1": 0.06393606393606394,
    "MDH1": 0.03363303363303363,
    "LSC1": 0.03196803196803197,
    "MDH3": 0.02863802863802864,
    "MDH2": 0.023643023643023644,
    "PYC2": 0.018648018648018648,
    "PYC1": 0.018648018648018648,
    "PCK1": 0.018648018648018648,
    "ALT2": 0.017982017982017984,
    "AAT1": 0.013653013653013654,
    "MLS1": 0.013653013653013654,
    "IDP3": 0.009324009324009324,
    "ICL1": 0.008991008991008992,
    "ALT1": 0.008991008991008992,
    "UGA2": 0.004329004329004329,
    "IDH1": 0.001665001665001665,
    "CIT1": 0.001665001665001665,
    "IDH2": 0.001665001665001665,
    "CIT3": 0.001665001665001665,
    "CIT2": 0.001332001332001332,
    "IDP1": 0.000666000666000666,
    "IDP2": 0.000333000333000333,
    "GDH3": 0.000333000333000333,
    "COA3": 0.0,
    "LIP2": 0.0,
    "RRN10": 0.0,
    "PET130": 0.0,
    "YPR117W": 0.0,
    "YDR509W": 0.0,
    "ACS1": 0.0,
    "ACO2": 0.0,
    "ACH1": 0.0,
    "FDH1": 0.0,
    "CTP1": 0.0,
    "SHH4": 0.0,
    "LYS4": 0.0,
    "ODC2": 0.0,
    "ODC1": 0.0
}