{
    "ALD3": 0.8947368421052632,
    "ACS1": 0.5,
    "ACH1": 0.4090909090909091,
    "TKL2": 0.2982456140350877,
    "LYS20": 0.22727272727272727,
    "NQM1": 0.19298245614035087,
    "LYS21": 0.18181818181818182,
    "HXT5": 0.07017543859649122,
    "SIP18": 0.05263157894736842,
    "FMP45": 0.05263157894736842,
    "LEU4": 0.045454545454545456,
    "TKL1": 0.03508771929824561,
    "PYK2": 0.03508771929824561,
    "TAL1": 0.03508771929824561,
    "HBT1": 0.03508771929824561,
    "PHM7": 0.03508771929824561,
    "ICL1": 0.022727272727272728,
    "ENO1": 0.017543859649122806,
    "TDH3": 0.017543859649122806,
    "TDH2": 0.017543859649122806,
    "TDH1": 0.017543859649122806,
    "YBR116C": 0.017543859649122806,
    "LAT1": 0.0,
    "JEN1": 0.0,
    "HFA1": 0.0,
    "MLS1": 0.0,
    "LEU9": 0.0,
    "ADY2": 0.0,
    "DAL7": 0.0,
    "LYS4": 0.0,
    "LYS1": 0.0,
    "LYS9": 0.0,
    "ACO2": 0.0,
    "LYS12": 0.0,
    "YEF1": 0.0,
    "POS5": 0.0,
    "LEU5": 0.0,
    "ENO2": 0.0,
    "ALD6": 0.0,
    "ALD4": 0.0,
    "ALD2": 0.0,
    "HFD1": 0.0,
    "ALD5": 0.0,
    "GRE1": 0.0,
    "RPE1": 0.0,
    "YNL195C": 0.0,
    "YNL194C": 0.0,
    "PAI3": 0.0,
    "SPG4": 0.0
}