{
    "TRP5": 0.14705740239659837,
    "ARG4": 0.12686026285272517,
    "LYS12": 0.09178102048705064,
    "AAT1": 0.08755315036722072,
    "ACO1": 0.07938732122149207,
    "ARG5,6": 0.07182547352145342,
    "TRP3": 0.06648627754155392,
    "LEU4": 0.057474874371859296,
    "IDH1": 0.05416505604947816,
    "LPD1": 0.04640993428681871,
    "IDH2": 0.045564360262852724,
    "LEU9": 0.04334170854271357,
    "GDH3": 0.040297642056436024,
    "FUM1": 0.03437862388867414,
    "LYS4": 0.03370216466950135,
    "ALT2": 0.03358136838036335,
    "ILV2": 0.03324313877077696,
    "PDA1": 0.030029957479706222,
    "GCV3": 0.02969172787011983,
    "LEU1": 0.0259953614224971,
    "CIT1": 0.02485987630459992,
    "PDB1": 0.023217046772323155,
    "ILV6": 0.023023772709702357,
    "ARG1": 0.022057402396598376,
    "LSC1": 0.021646695013529185,
    "PYC2": 0.021139350599149596,
    "HIS6": 0.0208977580208736,
    "LYS20": 0.020124661770390413,
    "PYC1": 0.020124661770390413,
    "HIS4": 0.019689795129493624,
    "LYS21": 0.019013335910320835,
    "ARO8": 0.017877850792423655,
    "IDP2": 0.016839002705836877,
    "ALT1": 0.01671820641669888,
    "KGD1": 0.015920950908388094,
    "ARG7": 0.014761306532663316,
    "LAT1": 0.01459219172787012,
    "MDH1": 0.01408484731349053,
    "GCV2": 0.01350502512562814,
    "LYS9": 0.013166795516041748,
    "MTD1": 0.012586973328179358,
    "ARG2": 0.01251449555469656,
    "CIT2": 0.01249033629686896,
    "IDP1": 0.012200425202937766,
    "IDP3": 0.012079628913799769,
    "SHM1": 0.012007151140316969,
    "CIT3": 0.01198299188248937,
    "MDH2": 0.011717240046385776,
    "PRO2": 0.01147564746810978,
    "MDH3": 0.011209895632006184,
    "HOM2": 0.010871666022419792,
    "ARO3": 0.010871666022419792,
    "ILV1": 0.010267684576729804,
    "SHM2": 0.010001932740626208,
    "HIS5": 0.009639543873212215,
    "MLS1": 0.009494588326246618,
    "HOM3": 0.009446269810591419,
    "GCV1": 0.008721492075763433,
    "HIS1": 0.008600695786625435,
    "ACO2": 0.007658484731349053,
    "CAR2": 0.007368573637417859,
    "UGA2": 0.007199458832624662,
    "PCK1": 0.007175299574797062,
    "ACS1": 0.006353884808658678,
    "THR1": 0.005991495941244685,
    "SPE1": 0.005991495941244685,
    "ARO9": 0.0055807885581754925,
    "THR4": 0.005242558948589099,
    "HIS7": 0.005049284885968303,
    "KGD2": 0.004831851565519907,
    "ADE6": 0.004614418245071511,
    "ADE8": 0.004324507151140317,
    "BAT2": 0.00420371086200232,
    "ARG8": 0.004082914572864322,
    "ARO10": 0.004082914572864322,
    "CHA1": 0.003913799768071125,
    "MET6": 0.003889640510243525,
    "SER1": 0.003793003478933127,
    "MET13": 0.003744684963277928,
    "ADE5,7": 0.003213181291070738,
    "ACH1": 0.00314070351758794,
    "TYR1": 0.003068225744105141,
    "ARO1": 0.0029957479706223425,
    "ARG3": 0.0028991109393119445,
    "PHA2": 0.0028991109393119445,
    "HOM6": 0.0026816776188635484,
    "MET12": 0.0026333591032083495,
    "LYS5": 0.002488403556242752,
    "TRP4": 0.002464244298415153,
    "LYS1": 0.0024159257827599534,
    "CTP1": 0.0023192887514495554,
    "ARO7": 0.002126014688828759,
    "ADE1": 0.00207769617317356,
    "CPA2": 0.0019568998840355624,
    "INM2": 0.0019085813683803634,
    "ARO2": 0.0018844221105527637,
    "ARO4": 0.0018119443370699653,
    "ICL1": 0.0017877850792423658,
    "PDX1": 0.001763625821414766,
    "BAT1": 0.0016911480479319676,
    "SHH4": 0.0014978739853111712,
    "ADE3": 0.0014737147274835717,
    "CPA1": 0.0010630073444143795,
    "MET7": 0.0010630073444143795,
    "ASN1": 0.0009180517974487824,
    "ASN2": 0.000676459219172787,
    "TRP2": 0.0006522999613451874,
    "FAU1": 0.0005798221878623889,
    "HIS2": 0.00048318515655199073,
    "FDH1": 0.00038654812524159255,
    "ABZ1": 0.00024159257827599537,
    "SPE3": 0.00021743332044839582,
    "ASP1": 0.00021743332044839582,
    "LYS14": 0.00012079628913799768,
    "MIS1": 4.831851565519907e-05,
    "SER2": 4.831851565519907e-05,
    "ARG80": 2.4159257827599535e-05,
    "ABZ2": 2.4159257827599535e-05,
    "ECM31": 0.0,
    "ORT1": 0.0,
    "ARG81": 0.0,
    "YCL023C": 0.0,
    "INM1": 0.0,
    "PRO1": 0.0,
    "YDL186W": 0.0,
    "ARO80": 0.0,
    "ODC2": 0.0,
    "ODC1": 0.0
}