{
    "VMA1": 0.9990723562152134,
    "PKP2": 0.5,
    "ATP1": 0.09461966604823747,
    "ATP20": 0.08348794063079777,
    "ATP4": 0.08163265306122448,
    "ATP5": 0.08070500927643785,
    "ATP3": 0.07792207792207792,
    "ATP7": 0.07792207792207792,
    "ATP2": 0.07050092764378478,
    "OLI1": 0.0686456400742115,
    "ATP15": 0.05194805194805195,
    "CYT1": 0.05102040816326531,
    "QCR6": 0.04823747680890538,
    "ATP6": 0.04823747680890538,
    "QCR7": 0.04452690166975881,
    "QCR9": 0.04452690166975881,
    "ATP17": 0.04267161410018553,
    "COX12": 0.041743970315398886,
    "ATP14": 0.038033395176252316,
    "QCR8": 0.03710575139146568,
    "COX4": 0.036178107606679034,
    "COX8": 0.03339517625231911,
    "COX6": 0.03339517625231911,
    "ATP18": 0.03153988868274583,
    "RIP1": 0.029684601113172542,
    "QCR2": 0.029684601113172542,
    "TIM11": 0.0287569573283859,
    "ATP19": 0.026901669758812616,
    "COR1": 0.025974025974025976,
    "COX13": 0.02504638218923933,
    "COX7": 0.01948051948051948,
    "COB": 0.01855287569573284,
    "SDH2": 0.01855287569573284,
    "COX5A": 0.01855287569573284,
    "COX5B": 0.016697588126159554,
    "COX2": 0.016697588126159554,
    "ATP8": 0.012987012987012988,
    "COX1": 0.011131725417439703,
    "COX11": 0.011131725417439703,
    "SDH1": 0.011131725417439703,
    "COX3": 0.008348794063079777,
    "QCR10": 0.0074211502782931356,
    "VMA6": 0.006493506493506494,
    "VMA7": 0.006493506493506494,
    "VMA11": 0.006493506493506494,
    "VMA3": 0.006493506493506494,
    "VMA4": 0.0055658627087198514,
    "SHH3": 0.0055658627087198514,
    "CYC1": 0.00463821892393321,
    "BI4": 0.0037105751391465678,
    "SDH4": 0.0037105751391465678,
    "YJL045W": 0.0037105751391465678,
    "CYC7": 0.0027829313543599257,
    "AIM45": 0.0027829313543599257,
    "AI1": 0.0018552875695732839,
    "NDE1": 0.0018552875695732839,
    "VMA13": 0.0018552875695732839,
    "VMA2": 0.0018552875695732839,
    "VMA16": 0.0018552875695732839,
    "VPH1": 0.0018552875695732839,
    "VMA9": 0.0018552875695732839,
    "VMA10": 0.0018552875695732839,
    "STV1": 0.0018552875695732839,
    "VMA5": 0.0018552875695732839,
    "VMA8": 0.0018552875695732839,
    "NDI1": 0.0009276437847866419,
    "VMA21": 0.0009276437847866419,
    "VMA22": 0.0009276437847866419,
    "PKP1": 0.0,
    "COX10": 0.0,
    "AI4": 0.0,
    "COX26": 0.0,
    "AI3": 0.0,
    "RCF2": 0.0,
    "AI5_ALPHA": 0.0,
    "NDE2": 0.0,
    "BI3": 0.0,
    "AI2": 0.0,
    "PPA2": 0.0,
    "POR1": 0.0,
    "COX16": 0.0,
    "POR2": 0.0,
    "CYC2": 0.0,
    "RAV1": 0.0,
    "AAC3": 0.0,
    "MIR1": 0.0,
    "INH1": 0.0,
    "FRD1": 0.0,
    "YPR170W-B": 0.0,
    "VOA1": 0.0,
    "YPR010C-A": 0.0,
    "MPC1": 0.0,
    "FMP41": 0.0,
    "VPH2": 0.0,
    "YLR294C": 0.0,
    "YGL188C": 0.0
}