{
    "HTZ1": 0.3695764945116511,
    "FUM1": 0.34998858755420914,
    "RTG2": 0.2103002510738074,
    "LSC1": 0.20193804079430622,
    "JHD2": 0.13369161496482893,
    "UME6": 0.10341750876683335,
    "ACO1": 0.0944535513456311,
    "FMS1": 0.09096756790405246,
    "ECM5": 0.08843607992862033,
    "ACS1": 0.08420310003527483,
    "IDP2": 0.0707986637063474,
    "HHT1": 0.06563193824829332,
    "GCN5": 0.06229120411678044,
    "CIT2": 0.05851472205507024,
    "CHD1": 0.04531778474052248,
    "CIT1": 0.04342954370966738,
    "TAF14": 0.027701118419687507,
    "SNF2": 0.027016371672234557,
    "EAF3": 0.02687112236216878,
    "SPT7": 0.02618637561471583,
    "RPD3": 0.02440188409105057,
    "HTA1": 0.023385138920590128,
    "HHF2": 0.02232689394725375,
    "HAT2": 0.02087440084659598,
    "HOS2": 0.020563152325026455,
    "MSI1": 0.020355653310646774,
    "ASF1": 0.020210404000581,
    "SET2": 0.01994065528188741,
    "CAC2": 0.018176913659660118,
    "ADA2": 0.01608117361442533,
    "RSC1": 0.015396426866972382,
    "SWR1": 0.015251177556906605,
    "RSC2": 0.014109932977818356,
    "SGF29": 0.013404436328927438,
    "SIN3": 0.013093187807357916,
    "ISW2": 0.012781939285788392,
    "SNF5": 0.012449940862780902,
    "SAS2": 0.011910443425393729,
    "NGG1": 0.011827443819641856,
    "SET1": 0.011163446973626876,
    "ARP6": 0.011018197663561099,
    "RCO1": 0.01076919884630548,
    "YAF9": 0.010291951113232212,
    "ARP8": 0.010063702197414563,
    "SIF2": 0.00985620318303488,
    "SPT20": 0.008154711265121491,
    "HFI1": 0.008133961363683523,
    "SPT8": 0.007698213433486191,
    "HDA1": 0.0072624655032888594,
    "RTT106": 0.0071172161932230825,
    "BDF1": 0.006930467080281368,
    "NHP10": 0.0067852177702155915,
    "SNT1": 0.006681468263025751,
    "SWI3": 0.006473969248646069,
    "UBP8": 0.006370219741456228,
    "IDH1": 0.006224970431390451,
    "MDH1": 0.005851472205507024,
    "ISW1": 0.005768472599755151,
    "ITC1": 0.005623223289689374,
    "MDH2": 0.005602473388251406,
    "SGF73": 0.005498723881061565,
    "SPT10": 0.005457224078185628,
    "RTT109": 0.005166725458054074,
    "SET3": 0.0050422260494262655,
    "PHO23": 0.005000726246550329,
    "HOS3": 0.005000726246550329,
    "IES4": 0.004979976345112361,
    "SGF11": 0.0048762268379225196,
    "CIT3": 0.004813977133608615,
    "SAP30": 0.0047102276264187745,
    "VPS71": 0.0045649783163529975,
    "GIS1": 0.0045649783163529975,
    "DPB4": 0.004523478513477061,
    "MDH3": 0.00441972900628722,
    "KGD1": 0.004398979104849252,
    "VPS72": 0.004398979104849252,
    "HOS1": 0.004336729400535347,
    "CTI6": 0.004170730189031602,
    "PDA1": 0.004149980287593634,
    "SAS3": 0.0038802315689000478,
    "HSL7": 0.0037972319631481752,
    "HTB2": 0.0037557321602722385,
    "SPT3": 0.003672732554520366,
    "GDH3": 0.003651982653082398,
    "SNF12": 0.003651982653082398,
    "PDB1": 0.003548233145892557,
    "YNG2": 0.003548233145892557,
    "EAF6": 0.003527483244454589,
    "SWC5": 0.0033407341315128754,
    "PCK1": 0.0033199842300749073,
    "SPP1": 0.003299234328636939,
    "RXT2": 0.003278484427198971,
    "SWC3": 0.0032577345257610024,
    "LAT1": 0.003195484821447098,
    "MLS1": 0.0031539850185711617,
    "ICL1": 0.0031332351171331936,
    "SWC7": 0.003050235511381321,
    "IDP3": 0.0029879858070674162,
    "BRE2": 0.002925736102753512,
    "PYC1": 0.0026559873840599256,
    "PYC2": 0.002552237876870085,
    "KGD2": 0.002552237876870085,
    "YTA7": 0.0024277384682422757,
    "SAS5": 0.002303239059614467,
    "EAF1": 0.002303239059614467,
    "EAF7": 0.002303239059614467,
    "AHC2": 0.0022409893553005625,
    "EAF5": 0.0021787396509866577,
    "IDH2": 0.0021579897495486895,
    "ACO2": 0.0019919905380449444,
    "AAT1": 0.0018674911294171352,
    "IDP1": 0.001846741227979167,
    "SHH4": 0.0017844915236652627,
    "RPH1": 0.00170149191791339,
    "ALT2": 0.0016599921150374536,
    "UGA2": 0.0016184923121615171,
    "ALT1": 0.0014109932977818356,
    "PDX1": 0.0013902433963438674,
    "SDS3": 0.0012864938891540265,
    "DOT1": 0.001224244184840122,
    "NHP6A": 0.0012034942834021538,
    "DEP1": 0.0011204946776502812,
    "JHD1": 0.0011204946776502812,
    "SWD1": 0.0010789948747743448,
    "SDC1": 0.0010374950718984085,
    "SWD3": 0.000850745958956695,
    "HIR2": 0.0007262465503288859,
    "UME1": 0.0007054966488909178,
    "HAT1": 0.0006224970431390451,
    "IES3": 0.0005809972402631088,
    "SAS4": 0.0005602473388251406,
    "SNT2": 0.0003942481273213952,
    "SET5": 0.0003942481273213952,
    "SET6": 0.00037349822588342703,
    "SUS1": 0.00031124852156952257,
    "IOC4": 0.00031124852156952257,
    "ACH1": 0.00024899881725561806,
    "IOC3": 0.0002074990143796817,
    "BRE1": 0.00018674911294171351,
    "BDF2": 0.00018674911294171351,
    "IES5": 0.00016599921150374535,
    "IES1": 0.00016599921150374535,
    "IES2": 0.00016599921150374535,
    "DLS1": 0.00016599921150374535,
    "LPD1": 0.0001452493100657772,
    "LYS4": 0.0001452493100657772,
    "LGE1": 0.00012449940862780903,
    "IOC2": 0.00010374950718984085,
    "YPL216W": 0.00010374950718984085,
    "RLF2": 4.149980287593634e-05,
    "FDH1": 0.0,
    "CTP1": 0.0,
    "ODC2": 0.0,
    "ODC1": 0.0,
    "RTF1": 0.0,
    "ASH1": 0.0,
    "YHR095W": 0.0,
    "TOS4": 0.0,
    "TOD6": 0.0,
    "RXT3": 0.0,
    "DOT6": 0.0,
    "STB2": 0.0,
    "HMO1": 0.0,
    "HIF1": 0.0,
    "HIR1": 0.0,
    "HHO1": 0.0,
    "CHZ1": 0.0,
    "LDB7": 0.0,
    "HTL1": 0.0,
    "RTT102": 0.0,
    "HPC2": 0.0,
    "HIR3": 0.0,
    "DPB3": 0.0,
    "YNG1": 0.0,
    "AHC1": 0.0,
    "SET4": 0.0,
    "HOS4": 0.0,
    "RMD8": 0.0,
    "SNF11": 0.0,
    "SNF6": 0.0,
    "SWP82": 0.0,
    "HCS1": 0.0,
    "HDA3": 0.0,
    "YEL025C": 0.0,
    "YML101C-A": 0.0
}