{
    "ATP1": 0.14570906061795655,
    "ATP2": 0.1443494413113624,
    "ATP3": 0.07953772943575799,
    "MDH1": 0.07856110148313401,
    "LSC1": 0.0777855439913444,
    "ACO1": 0.07142788751543934,
    "ATP5": 0.06870864890225103,
    "ATP7": 0.06870864890225103,
    "SDH2": 0.06705221129632999,
    "ATP4": 0.06300207772809528,
    "MDH2": 0.0617765053953907,
    "MDH3": 0.06057965741423387,
    "IDH1": 0.050085694315450825,
    "CYT1": 0.047146235673729664,
    "CIT1": 0.044417422276692105,
    "FUM1": 0.043105676889344226,
    "KGD1": 0.041564136689614235,
    "OLI1": 0.040328989573060386,
    "PDB1": 0.04018536781532157,
    "SDH1": 0.03326279909231049,
    "RIP1": 0.032065951111153665,
    "COR1": 0.03065845788531324,
    "IDH2": 0.02797751840752195,
    "YJL045W": 0.02787219578518015,
    "VMA11": 0.026407253856244196,
    "VMA3": 0.026407253856244196,
    "VMA6": 0.025526373742112772,
    "VPH1": 0.02533487806512768,
    "VMA5": 0.02533487806512768,
    "VMA8": 0.02533487806512768,
    "VMA13": 0.025325303281278425,
    "STV1": 0.025325303281278425,
    "PDA1": 0.025248705010484387,
    "VMA10": 0.025095508468896313,
    "COX4": 0.024099730948573837,
    "QCR2": 0.023515669133769304,
    "CIT2": 0.02281670991277372,
    "VMA1": 0.02049003743740485,
    "VMA7": 0.020164494786530193,
    "VMA4": 0.020068746948037647,
    "VMA16": 0.020020873028791374,
    "VMA2": 0.02001129824494212,
    "CIT3": 0.0196570312425197,
    "KGD2": 0.0195517086201779,
    "SDH4": 0.019360212943192807,
    "ACO2": 0.015712220296626802,
    "COX6": 0.015606897674285003,
    "QCR9": 0.015070709778726744,
    "QCR6": 0.011920605892321981,
    "ALT2": 0.01108759969743683,
    "SHH3": 0.010829080533506955,
    "VMA9": 0.009383288172269511,
    "COX2": 0.009220516846832182,
    "LAT1": 0.008521557625836597,
    "QCR8": 0.008387510651947032,
    "VMA21": 0.007353433996227535,
    "QCR7": 0.006798096532970768,
    "AAT1": 0.006673624342930459,
    "LYS4": 0.006194885150467728,
    "NDI1": 0.006108712095824437,
    "COX5A": 0.005160808494748231,
    "ACH1": 0.005122509359351213,
    "NDE2": 0.004988462385461648,
    "LPD1": 0.004729943221531774,
    "ATP6": 0.004691644086134756,
    "COB": 0.004385251002958608,
    "ATP20": 0.004193755325973516,
    "BI4": 0.0034373474018824027,
    "CYC1": 0.0030256316963644544,
    "COX8": 0.0026139159908465065,
    "CYC7": 0.00228837333997185,
    "PDX1": 0.002096877662986758,
    "SHH4": 0.0019819802567957027,
    "MIR1": 0.0019436811213986843,
    "POR1": 0.0018958072021524114,
    "UGA2": 0.0018862324183031567,
    "COX3": 0.0018287837152076293,
    "ATP15": 0.0017426106605643377,
    "QCR10": 0.0015702645512777548,
    "COX10": 0.0015223906320314818,
    "COX12": 0.0015223906320314818,
    "AIM45": 0.0014840914966344635,
    "IDP2": 0.0014362175773881905,
    "ACS1": 0.0014074932258404266,
    "FRD1": 0.001158548845759807,
    "COX13": 0.001062801007267261,
    "NDE1": 0.0010053523041717333,
    "POR2": 0.0009096044656791873,
    "IDP1": 0.000890454897980678,
    "COX1": 0.0008521557625836597,
    "ATP17": 0.0008521557625836597,
    "IDP3": 0.000842580978734405,
    "ATP19": 0.0008234314110358959,
    "AI5_ALPHA": 0.0007851322756388774,
    "ALT1": 0.0006223609502015492,
    "GDH3": 0.0005649122471060216,
    "FDH1": 0.00045958962476422093,
    "BI3": 0.0003829913539701841,
    "AAC3": 0.00037341657012092953,
    "INH1": 0.0003542670024224203,
    "COX7": 0.0003159678670254019,
    "YPR010C-A": 0.0003063930831761473,
    "PYC2": 0.00020107046083434667,
    "PCK1": 0.00020107046083434667,
    "COX5B": 0.00019149567698509206,
    "ATP14": 0.00019149567698509206,
    "MLS1": 0.00018192089313583747,
    "ICL1": 0.00018192089313583747,
    "YLR294C": 0.00017234610928658286,
    "PYC1": 0.00013404697388956445,
    "COX11": 8.617305464329143e-05,
    "AI4": 4.7873919246273015e-05,
    "AI3": 4.7873919246273015e-05,
    "AI1": 4.7873919246273015e-05,
    "YPR170W-B": 4.7873919246273015e-05,
    "ATP18": 3.829913539701841e-05,
    "TIM11": 3.829913539701841e-05,
    "ATP8": 2.8724351547763808e-05,
    "CTP1": 0.0,
    "ODC2": 0.0,
    "ODC1": 0.0,
    "COX26": 0.0,
    "RCF2": 0.0,
    "AI2": 0.0,
    "PPA2": 0.0,
    "COX16": 0.0,
    "CYC2": 0.0,
    "RAV1": 0.0,
    "VMA22": 0.0,
    "VOA1": 0.0,
    "MPC1": 0.0,
    "FMP41": 0.0,
    "VPH2": 0.0,
    "YGL188C": 0.0
}