{
    "COA3": 0.3583348449120261,
    "OLI1": 0.2621077453292218,
    "AIM22": 0.19227280972247415,
    "COX6": 0.1701432976600762,
    "RRG9": 0.1569018683112643,
    "COX5A": 0.15454380555051697,
    "IRC19": 0.14601850172319972,
    "COR1": 0.1249773263196082,
    "COX2": 0.11436604389624525,
    "SRF1": 0.10620351895519681,
    "AAC3": 0.09405042626519136,
    "COX1": 0.08425539633593325,
    "ATP1": 0.07790676582622891,
    "ATP2": 0.056865590422637405,
    "PET130": 0.04888445492472338,
    "RIP1": 0.02956647923090876,
    "ATP5": 0.02893161617993833,
    "ATP4": 0.02666424814075821,
    "ATP7": 0.02557591148195175,
    "COX16": 0.02557591148195175,
    "ATP20": 0.02539452203881734,
    "VMA6": 0.024578269544712497,
    "ATP3": 0.024487574823145293,
    "VMA11": 0.02439688010157809,
    "VMA3": 0.02439688010157809,
    "VPH1": 0.022220206783965173,
    "VMA5": 0.022220206783965173,
    "VMA8": 0.022220206783965173,
    "VMA13": 0.021313259568293125,
    "STV1": 0.021313259568293125,
    "ATP17": 0.020134228187919462,
    "SDH2": 0.01986214402321785,
    "COX4": 0.01913658625068021,
    "VMA7": 0.019045891529113006,
    "QCR9": 0.018501723199709778,
    "VMA4": 0.017685470705604934,
    "VMA16": 0.01723199709776891,
    "CYT1": 0.016687828768365682,
    "VMA2": 0.016325049882096862,
    "VMA10": 0.016325049882096862,
    "ATP14": 0.016052965717395246,
    "VMA1": 0.015871576274260838,
    "ATP6": 0.013694902956647922,
    "CYC7": 0.013513513513513514,
    "ATP8": 0.01251587157627426,
    "COX8": 0.011427534917467803,
    "COX12": 0.011336840195900599,
    "QCR2": 0.009976419372392527,
    "QCR6": 0.009069472156720479,
    "COX5B": 0.008978777435153275,
    "QCR7": 0.007981135497914021,
    "ATP15": 0.007709051333212407,
    "SDH1": 0.007618356611645202,
    "POR1": 0.006983493560674769,
    "TIM11": 0.006892798839107564,
    "CYC1": 0.006530019952838745,
    "VMA9": 0.006348630509704335,
    "COX7": 0.005985851623435516,
    "COX13": 0.005260293850897877,
    "NDI1": 0.0048975149646290584,
    "NDE1": 0.0048975149646290584,
    "NDE2": 0.0048975149646290584,
    "POR2": 0.0043533466352258295,
    "YJL045W": 0.0041719571920914205,
    "QCR8": 0.0039905677489570105,
    "MIR1": 0.0039905677489570105,
    "COB": 0.003809178305822601,
    "ATP19": 0.0036277888626881916,
    "VMA21": 0.0035370941411209866,
    "COX10": 0.0032650099764193726,
    "BI4": 0.0031743152548521676,
    "COX3": 0.002992925811717758,
    "SDH4": 0.002902231090150553,
    "SHH3": 0.0020859785960457102,
    "AI5_ALPHA": 0.0015418102666424813,
    "AI1": 0.0014511155450752766,
    "GEP5": 0.001269726101940867,
    "AI4": 0.001269726101940867,
    "ATP18": 0.0009069472156720479,
    "BI3": 0.0006348630509704335,
    "YPR170W-B": 0.0005441683294032287,
    "INH1": 0.00027208416470161435,
    "YPR010C-A": 0.00018138944313440957,
    "LIP2": 0.0,
    "RRN10": 0.0,
    "YPR117W": 0.0,
    "YDR509W": 0.0,
    "COX26": 0.0,
    "AI3": 0.0,
    "RCF2": 0.0,
    "QCR10": 0.0,
    "COX11": 0.0,
    "AI2": 0.0,
    "PPA2": 0.0,
    "CYC2": 0.0,
    "RAV1": 0.0,
    "AIM45": 0.0,
    "FRD1": 0.0,
    "VMA22": 0.0,
    "VOA1": 0.0,
    "MPC1": 0.0,
    "FMP41": 0.0,
    "VPH2": 0.0,
    "YLR294C": 0.0,
    "YGL188C": 0.0
}