{
    "SOL3": 0.9995180722891567,
    "YDR509W": 0.9333333333333333,
    "SRF1": 0.8666666666666667,
    "IRC19": 0.4,
    "RRG9": 0.3333333333333333,
    "NQM1": 0.3156626506024096,
    "TKL2": 0.16674698795180723,
    "GND2": 0.14313253012048194,
    "SOL4": 0.14313253012048194,
    "AIM22": 0.13333333333333333,
    "PGM2": 0.1180722891566265,
    "TAL1": 0.09493975903614457,
    "TKL1": 0.08674698795180723,
    "XKS1": 0.07951807228915662,
    "GLK1": 0.0780722891566265,
    "GRE3": 0.06409638554216868,
    "DCS2": 0.0491566265060241,
    "GND1": 0.03903614457831325,
    "OM45": 0.037590361445783135,
    "GLC3": 0.03180722891566265,
    "RPE1": 0.029879518072289158,
    "ALD3": 0.02891566265060241,
    "GPH1": 0.02746987951807229,
    "EMI2": 0.02313253012048193,
    "RBK1": 0.022650602409638555,
    "RTN2": 0.021686746987951807,
    "CTT1": 0.020240963855421686,
    "RGI1": 0.019759036144578312,
    "DDR2": 0.01927710843373494,
    "TFS1": 0.017349397590361446,
    "GAD1": 0.0163855421686747,
    "STF2": 0.0163855421686747,
    "YDR248C": 0.0163855421686747,
    "GDB1": 0.015421686746987951,
    "FMP16": 0.014457831325301205,
    "UIP4": 0.013493975903614458,
    "RTC3": 0.013493975903614458,
    "GOR1": 0.013493975903614458,
    "PGM1": 0.013493975903614458,
    "GPM2": 0.012048192771084338,
    "YJR096W": 0.00963855421686747,
    "DCS1": 0.0077108433734939755,
    "GCY1": 0.006746987951807229,
    "SPI1": 0.006265060240963855,
    "PYK2": 0.004819277108433735,
    "YMR090W": 0.004337349397590362,
    "PFK1": 0.0038554216867469878,
    "YHR138C": 0.0038554216867469878,
    "YMR196W": 0.0033734939759036144,
    "HSP12": 0.0033734939759036144,
    "TDH2": 0.002891566265060241,
    "HSP26": 0.002891566265060241,
    "TDH1": 0.002891566265060241,
    "ENO1": 0.002891566265060241,
    "YNL194C": 0.002891566265060241,
    "PAI3": 0.002891566265060241,
    "ENO2": 0.0024096385542168677,
    "GPM3": 0.0024096385542168677,
    "GPG1": 0.0024096385542168677,
    "ERR3": 0.0019277108433734939,
    "XBP1": 0.0014457831325301205,
    "HBT1": 0.0014457831325301205,
    "GRE1": 0.0014457831325301205,
    "PHM7": 0.0009638554216867469,
    "COA3": 0.0,
    "LIP2": 0.0,
    "GEP5": 0.0,
    "RRN10": 0.0,
    "PET130": 0.0,
    "YPR117W": 0.0,
    "PIC2": 0.0,
    "TDH3": 0.0,
    "HSP42": 0.0,
    "YBR053C": 0.0,
    "NTH1": 0.0,
    "GSY2": 0.0,
    "ADH1": 0.0,
    "YOR283W": 0.0,
    "XYL2": 0.0,
    "FMP45": 0.0,
    "TPS2": 0.0,
    "TSL1": 0.0,
    "GGA1": 0.0,
    "TPS1": 0.0,
    "NNR2": 0.0,
    "NNR1": 0.0,
    "PRS4": 0.0,
    "YBR085C-A": 0.0,
    "MCR1": 0.0,
    "STF1": 0.0,
    "TMA10": 0.0,
    "HXT5": 0.0,
    "FMP46": 0.0,
    "PBI2": 0.0,
    "PHO13": 0.0,
    "PNC1": 0.0,
    "RNY1": 0.0,
    "YLR345W": 0.0,
    "ARA1": 0.0,
    "PRM15": 0.0,
    "PRS2": 0.0,
    "PRS3": 0.0,
    "PRS5": 0.0,
    "PRS1": 0.0,
    "EGO4": 0.0,
    "MHO1": 0.0,
    "YBR056W": 0.0,
    "NTH2": 0.0,
    "ATH1": 0.0,
    "TPS3": 0.0,
    "YOR289W": 0.0,
    "GSY1": 0.0,
    "YJL144W": 0.0,
    "AIM17": 0.0,
    "USV1": 0.0,
    "YBR116C": 0.0,
    "YPL247C": 0.0,
    "GLG2": 0.0,
    "IGD1": 0.0,
    "HOR7": 0.0,
    "YKL091C": 0.0,
    "YLR252W": 0.0,
    "SYM1": 0.0,
    "GLG1": 0.0,
    "TMA17": 0.0,
    "YDR034W-B": 0.0,
    "YDR391C": 0.0,
    "PIG2": 0.0,
    "YER067C-A": 0.0
}