{
    "KGD1": 0.1394072447859495,
    "FUM1": 0.10098792535675083,
    "LSC1": 0.09440175631174534,
    "CIT1": 0.07683863885839737,
    "KGD2": 0.07354555433589462,
    "IDH1": 0.06915477497255763,
    "PDB1": 0.06695938529088913,
    "CIT2": 0.05598243688254665,
    "MDH1": 0.05378704720087816,
    "PDA1": 0.052689352360043906,
    "PCK1": 0.04720087815587267,
    "LAT1": 0.04500548847420417,
    "PYC2": 0.042810098792535674,
    "PYC1": 0.042810098792535674,
    "MAE1": 0.036223929747530186,
    "SDH2": 0.036223929747530186,
    "YJL045W": 0.03512623490669594,
    "CIT3": 0.027442371020856202,
    "SDH4": 0.024149286498353458,
    "SDH1": 0.01756311745334797,
    "MDH2": 0.01756311745334797,
    "MDH3": 0.009879253567508232,
    "SDH5": 0.008781558726673985,
    "UGA2": 0.008781558726673985,
    "IRC15": 0.006586169045005488,
    "SHH3": 0.0043907793633369925,
    "ACO2": 0.0043907793633369925,
    "PDX1": 0.0021953896816684962,
    "SHH4": 0.0021953896816684962,
    "CYB2": 0.0010976948408342481,
    "FDH1": 0.0,
    "ERT1": 0.0,
    "YMR31": 0.0,
    "FMP41": 0.0,
    "FRD1": 0.0,
    "OSM1": 0.0
}