{
    "PDB1": 0.4717035334673944,
    "LAT1": 0.3068083883941396,
    "MRPL7": 0.281241022694628,
    "RSM26": 0.18356794024705544,
    "MRP7": 0.11433496121804079,
    "MRPL11": 0.11376041367423154,
    "MRPS5": 0.10945130709566217,
    "TUF1": 0.10083309393852341,
    "MRPL17": 0.09997127262280954,
    "MRPL9": 0.04136742315426602,
    "IMG1": 0.018385521401896008,
    "RSM7": 0.014938236139040505,
    "MRPS28": 0.014938236139040505,
    "MRPL28": 0.014938236139040505,
    "MRPL4": 0.014938236139040505,
    "MRPL10": 0.014938236139040505,
    "MRPL1": 0.011490950876185005,
    "MRPL8": 0.010341855788566504,
    "MRPS9": 0.010341855788566504,
    "MRPS16": 0.010341855788566504,
    "RSM18": 0.009767308244757253,
    "MRPL38": 0.009767308244757253,
    "MHR1": 0.008043665613329504,
    "MRPL15": 0.008043665613329504,
    "MRP21": 0.008043665613329504,
    "MRP17": 0.0068945705257110025,
    "MRPL24": 0.0068945705257110025,
    "MRPL32": 0.0068945705257110025,
    "MRPL37": 0.006032749209997127,
    "PDA1": 0.005170927894283252,
    "RTC6": 0.0034472852628555013,
    "YNL122C": 0.0034472852628555013,
    "MRPL22": 0.0034472852628555013,
    "MRPL23": 0.0034472852628555013,
    "MRPL39": 0.0034472852628555013,
    "RSM23": 0.0034472852628555013,
    "MRPL16": 0.0034472852628555013,
    "RML2": 0.0034472852628555013,
    "MRPL19": 0.0034472852628555013,
    "MRP2": 0.002585463947141626,
    "MRP4": 0.002585463947141626,
    "MRP20": 0.0017236426314277506,
    "IMG2": 0.0017236426314277506,
    "MRPL51": 0.0017236426314277506,
    "RSM24": 0.0017236426314277506,
    "MRPL3": 0.0017236426314277506,
    "MRPL27": 0.0017236426314277506,
    "RRF1": 0.0008618213157138753,
    "CYB2": 0.0,
    "MAE1": 0.0,
    "PDX1": 0.0,
    "IRC15": 0.0,
    "VAR1": 0.0,
    "MRPL36": 0.0,
    "MRP1": 0.0,
    "MRP13": 0.0,
    "MRPS8": 0.0,
    "SWS2": 0.0,
    "RSM19": 0.0,
    "MRPL35": 0.0,
    "RSM22": 0.0,
    "MRP10": 0.0,
    "PET123": 0.0,
    "MRPL20": 0.0,
    "MRPL31": 0.0,
    "MRPS12": 0.0,
    "MRPL40": 0.0,
    "EHD3": 0.0,
    "MRPS35": 0.0,
    "MRPL6": 0.0,
    "MRX14": 0.0,
    "MRPL13": 0.0,
    "FYV4": 0.0,
    "RSM27": 0.0,
    "MRPL33": 0.0,
    "MRPL49": 0.0,
    "MRPL50": 0.0,
    "MRP51": 0.0,
    "RSM25": 0.0,
    "MRPS17": 0.0,
    "RSM28": 0.0,
    "MRPL25": 0.0,
    "PTH4": 0.0,
    "MRPL44": 0.0,
    "MRF1": 0.0,
    "GUF1": 0.0,
    "YER156C": 0.0,
    "RIM1": 0.0,
    "ATP25": 0.0,
    "MEF2": 0.0,
    "YJR115W": 0.0,
    "YOR318C": 0.0
}