{
    "ZUO1": 0.7798084783370314,
    "LYS4": 0.5399100782436063,
    "PDB1": 0.45136050449608783,
    "SSZ1": 0.20582739694032465,
    "SWA2": 0.14364124722643934,
    "HSC82": 0.11529253766203433,
    "FUM1": 0.06256568959476819,
    "HSP104": 0.0578360387714586,
    "IDH1": 0.05377788158355717,
    "KGD1": 0.05371949083265211,
    "MDH1": 0.05371949083265211,
    "MDH2": 0.05366110008174705,
    "IDH2": 0.053602709330842,
    "AAT1": 0.05348592782903188,
    "YDJ1": 0.04825995562302931,
    "HSP78": 0.04825995562302931,
    "LSC1": 0.04487329207053603,
    "CIT3": 0.04487329207053603,
    "CIT2": 0.04487329207053603,
    "MDH3": 0.04481490131963097,
    "SSA1": 0.04066915800537195,
    "SSA4": 0.04066915800537195,
    "CPR6": 0.04066915800537195,
    "CIT1": 0.036027093308419945,
    "SSA3": 0.03395422165129044,
    "SSA2": 0.03395422165129044,
    "SSE1": 0.03395422165129044,
    "APM1": 0.028728249445287866,
    "APS1": 0.028728249445287866,
    "APS3": 0.028728249445287866,
    "ACO1": 0.02697652691813617,
    "KGD2": 0.02694733154268364,
    "STI1": 0.022889174354782202,
    "MLS1": 0.02224687609482658,
    "SSE2": 0.020524348943127407,
    "IDP1": 0.020319981314959712,
    "APJ1": 0.019531706177741446,
    "MDJ1": 0.019531706177741446,
    "LAT1": 0.018276305033282727,
    "PCK1": 0.016933317762466427,
    "ICL1": 0.016787340885203783,
    "PYC2": 0.01354665420997314,
    "PYC1": 0.01354665420997314,
    "ACS1": 0.01354665420997314,
    "OPI10": 0.013429872708163027,
    "ACO2": 0.009313324769356535,
    "LPD1": 0.00677332710498657,
    "ECM10": 0.006714936354081514,
    "SSQ1": 0.006714936354081514,
    "PDA1": 0.003386663552493285,
    "SSB1": 0.00037953988088286814,
    "HLJ1": 0.00037953988088286814,
    "JJJ3": 0.00037953988088286814,
    "XDJ1": 0.00037953988088286814,
    "SCJ1": 0.00037953988088286814,
    "IDP2": 0.0,
    "PDX1": 0.0,
    "GDH3": 0.0,
    "ALT2": 0.0,
    "ACH1": 0.0,
    "IDP3": 0.0,
    "FDH1": 0.0,
    "UGA2": 0.0,
    "ALT1": 0.0,
    "CTP1": 0.0,
    "SHH4": 0.0,
    "ODC2": 0.0,
    "ODC1": 0.0,
    "SYP1": 0.0,
    "SHE4": 0.0,
    "RGD2": 0.0,
    "JEM1": 0.0,
    "ERJ5": 0.0,
    "CPR7": 0.0,
    "AHA1": 0.0,
    "SBA1": 0.0,
    "JJJ2": 0.0,
    "BTN2": 0.0,
    "PIH1": 0.0,
    "CPR5": 0.0,
    "TAH1": 0.0,
    "APM3": 0.0,
    "APL6": 0.0,
    "APM2": 0.0,
    "CAJ1": 0.0,
    "HCH1": 0.0,
    "MDJ2": 0.0,
    "CUR1": 0.0,
    "RSA1": 0.0,
    "CPR3": 0.0,
    "JID1": 0.0
}