{
    "ATP3": 0.9864864864864865,
    "LPD1": 0.9743589743589743,
    "SHM2": 0.20512820512820512,
    "SHM1": 0.15384615384615385,
    "MTD1": 0.10256410256410256,
    "GCV1": 0.10256410256410256,
    "ATP2": 0.06756756756756757,
    "GCV3": 0.05128205128205128,
    "MET12": 0.05128205128205128,
    "MET13": 0.05128205128205128,
    "OLI1": 0.04054054054054054,
    "ATP1": 0.04054054054054054,
    "VMA10": 0.04054054054054054,
    "VMA1": 0.04054054054054054,
    "ATP14": 0.02702702702702703,
    "ATP4": 0.02702702702702703,
    "VMA2": 0.02702702702702703,
    "VMA8": 0.02702702702702703,
    "VMA5": 0.02702702702702703,
    "VMA16": 0.02702702702702703,
    "VMA4": 0.02702702702702703,
    "VMA3": 0.02702702702702703,
    "VMA11": 0.02702702702702703,
    "STV1": 0.02702702702702703,
    "VMA13": 0.02702702702702703,
    "VMA7": 0.02702702702702703,
    "AIM22": 0.02564102564102564,
    "ATP6": 0.013513513513513514,
    "ATP18": 0.013513513513513514,
    "ATP15": 0.013513513513513514,
    "ATP19": 0.013513513513513514,
    "ATP17": 0.013513513513513514,
    "ATP20": 0.013513513513513514,
    "FAU1": 0.0,
    "GCV2": 0.0,
    "LIP2": 0.0,
    "ADE5,7": 0.0,
    "ADE8": 0.0,
    "ADE3": 0.0,
    "FMT1": 0.0,
    "MIS1": 0.0,
    "RMA1": 0.0,
    "MET7": 0.0,
    "ATP8": 0.0,
    "ATP5": 0.0,
    "ATP7": 0.0,
    "TIM11": 0.0,
    "AAC1": 0.0,
    "CYB2": 0.0,
    "BCS1": 0.0,
    "SCEI": 0.0,
    "MSC7": 0.0,
    "AAC3": 0.0,
    "VPH1": 0.0,
    "VMA9": 0.0,
    "YLR294C": 0.0,
    "DIC1": 0.0
}